Реестровый номер закупки,Закупки по,"Способ определения поставщика, подрядной организации (размещения закупки)",Наименование закупки,type,Начальная (максимальная) цена контракта,Наименование Заказчика,Дата размещения,Особенности размещения заказа\ Преимущества (44-ФЗ),Дата начала подачи заявок,Дата окончания подачи заявок,Идентификационный код закупки,победитель,цена контракта после снижения,номер контракта
0349100004618000225,44-ФЗ,Иной однолотовый способ 44-ФЗ,"Оказание услуг по погрузке, вывозу и обезвреживанию  медицинскихотходов  класса Б ",med,515100.0,"ФЕДЕРАЛЬНОЕ ГОСУДАРСТВЕННОЕ БЮДЖЕТНОЕ УЧРЕЖДЕНИЕ ЗДРАВООХРАНЕНИЯ ""ЦЕНТРАЛЬНАЯ МЕДИКО-САНИТАРНАЯ ЧАСТЬ №120 ФЕДЕРАЛЬНОГО МЕДИКО-БИОЛОГИЧЕСКОГО АГЕНТСТВА""",2018-12-27,Нет ограничений,2018-12-27,2019-01-21,'181511200012851120100100052180000000',"ОБЩЕСТВО С ОГРАНИЧЕННОЙ ОТВЕТСТВЕННОСТЬЮ ""СОРЭКСМЕД""",512524.5,1511200012819000036
0349100004618000224,44-ФЗ,Иной однолотовый способ 44-ФЗ,"Оказание услуг по погрузке, транспортированию и размещению  медицинскихотходов  класса А",med,879840.0,"ФЕДЕРАЛЬНОЕ ГОСУДАРСТВЕННОЕ БЮДЖЕТНОЕ УЧРЕЖДЕНИЕ ЗДРАВООХРАНЕНИЯ ""ЦЕНТРАЛЬНАЯ МЕДИКО-САНИТАРНАЯ ЧАСТЬ №120 ФЕДЕРАЛЬНОГО МЕДИКО-БИОЛОГИЧЕСКОГО АГЕНТСТВА""",2018-12-27,"Субъектам малого предпринимательства, социально ориентированным некоммерческим организациям",2018-12-27,2019-01-21,'181511200012851120100100052160000000',"ОБЩЕСТВО С ОГРАНИЧЕННОЙ ОТВЕТСТВЕННОСТЬЮ ""ГРАНИТ-АВТО""",875440.8,1511200012819000042
0349100004618000228,44-ФЗ,Иной однолотовый способ 44-ФЗ,Оказание услуг по транспортированию и размещению медицинских крупно- габаритныхотходов  (КГО) класса А,med,49183.2,"ФЕДЕРАЛЬНОЕ ГОСУДАРСТВЕННОЕ БЮДЖЕТНОЕ УЧРЕЖДЕНИЕ ЗДРАВООХРАНЕНИЯ ""ЦЕНТРАЛЬНАЯ МЕДИКО-САНИТАРНАЯ ЧАСТЬ №120 ФЕДЕРАЛЬНОГО МЕДИКО-БИОЛОГИЧЕСКОГО АГЕНТСТВА""",2018-12-28,Нет ограничений,2018-12-28,2019-01-23,'181511200012851120100100052170000000',"ОБЩЕСТВО С ОГРАНИЧЕННОЙ ОТВЕТСТВЕННОСТЬЮ ""ГРАНИТ-АВТО""",49183.2,1511200012819000029
0349100021118000118,44-ФЗ,Иной однолотовый способ 44-ФЗ,Оказание услуг по вывозу и утилизации медицинскихотходов  класса «А»,med,1086758.87,"ФЕДЕРАЛЬНОЕ ГОСУДАРСТВЕННОЕ БЮДЖЕТНОЕ УЧРЕЖДЕНИЕ ЗДРАВООХРАНЕНИЯ ""МУРМАНСКИЙ МНОГОПРОФИЛЬНЫЙ ЦЕНТР ИМЕНИ Н.И. ПИРОГОВА ФЕДЕРАЛЬНОГО МЕДИКО-БИОЛОГИЧЕСКОГО АГЕНТСТВА""",2018-12-19,"Субъектам малого предпринимательства, социально ориентированным некоммерческим организациям",2018-12-19,2018-12-28,'181519005315951900100101181163821000',"Общество с ограниченной ответственностью ""СорэксМед""ОБЩЕСТВО С ОГРАНИЧЕННОЙ ОТВЕТСТВЕННОСТЬЮ ""СОРЭКСМЕД""",516210.92,1519005315919000016
0149200002318005842,44-ФЗ,Иной однолотовый способ 44-ФЗ,Оказание услуг по вывозу и обезвреживанию медицинскихотходов  класса В,med,590600.0,"ГОСУДАРСТВЕННОЕ ОБЛАСТНОЕ БЮДЖЕТНОЕ УЧРЕЖДЕНИЕ ЗДРАВООХРАНЕНИЯ ""МУРМАНСКИЙ ОБЛАСТНОЙ ПРОТИВОТУБЕРКУЛЕЗНЫЙ ДИСПАНСЕР""",2018-12-07,Нет ограничений,2018-12-07,2018-12-27,'182519214003051900100100050130000000',ООО 'СорэксМед',572882.0,2519214003019000009
0349200022018000059,44-ФЗ,Иной однолотовый способ 44-ФЗ,Оказание услуг по вывозу и обезвреживанию медицинскихотходов  класса «А»,med,310464.0,"ГОСУДАРСТВЕННОЕ ОБЛАСТНОЕ БЮДЖЕТНОЕ УЧРЕЖДЕНИЕ ЗДРАВООХРАНЕНИЯ ""МУРМАНСКАЯ ОБЛАСТНАЯ СТАНЦИЯ СКОРОЙ МЕДИЦИНСКОЙ ПОМОЩИ""",2018-12-18,Нет ограничений,2018-12-18,2018-12-28,'182519006077351900100100100140000000',Общества с ограниченной ответственностью 'СорэксМед',308880.0,2519006077319000008
0149200002318005863,44-ФЗ,Иной однолотовый способ 44-ФЗ,"Оказание услуг по вывозу и обезвреживанию медицинскихотходов  класса Б, В",med,1242360.0,"ГОСУДАРСТВЕННОЕ ОБЛАСТНОЕ БЮДЖЕТНОЕ УЧРЕЖДЕНИЕ ЗДРАВООХРАНЕНИЯ ""ОЛЕНЕГОРСКАЯ ЦЕНТРАЛЬНАЯ ГОРОДСКАЯ БОЛЬНИЦА""",2018-12-10,Нет ограничений,2018-12-10,2018-12-21,'182510890002051080100100200033822000',"ЗАО ""Мурманский универсальный завод""",689509.8,2510890002019000002
0149200002318005050,44-ФЗ,Иной однолотовый способ 44-ФЗ,Оказание услуг по транспортированию и обезвреживанию обеззараженных медицинскихотходов  класса Б,med,684000.0,"ГОСУДАРСТВЕННОЕ ОБЛАСТНОЕ БЮДЖЕТНОЕ УЧРЕЖДЕНИЕ ЗДРАВООХРАНЕНИЯ ""МУРМАНСКИЙ ОБЛАСТНОЙ ОНКОЛОГИЧЕСКИЙ ДИСПАНСЕР""",2018-11-15,Нет ограничений,2018-11-15,2018-12-04,'182519150067451900100100090030000000',"ООО ""ОРКО-ЦЕНТР""",147060.0,2519150067418000350
0149200002318005280,44-ФЗ,Иной однолотовый способ 44-ФЗ,"Оказание услуг по планово-регулярному вывозу, транспортировке и размещению медицинскихотходов  класса А",med,1101296.25,"ГОСУДАРСТВЕННОЕ ОБЛАСТНОЕ БЮДЖЕТНОЕ УЧРЕЖДЕНИЕ ЗДРАВООХРАНЕНИЯ ""МУРМАНСКИЙ ОБЛАСТНОЙ ПЕРИНАТАЛЬНЫЙ ЦЕНТР""",2018-11-22,Нет ограничений,2018-11-22,2018-12-04,'182519040415051900100100040030000000',ООО 'СорэксМед',1095789.76,2519040415018000092
0149200002318005233,44-ФЗ,Иной однолотовый способ 44-ФЗ,Оказание услуг по вывозу и обезвреживанию медицинскихотходов  класса «Б»,med,135000.0,"ГОСУДАРСТВЕННОЕ ОБЛАСТНОЕ БЮДЖЕТНОЕ УЧРЕЖДЕНИЕ ЗДРАВООХРАНЕНИЯ ""МУРМАНСКИЙ ОБЛАСТНОЙ ПСИХОНЕВРОЛОГИЧЕСКИЙ ДИСПАНСЕР""",2018-11-21,Нет ограничений,2018-11-21,2018-12-04,'182519011131551900100100110020000000',"ООО ""ОРКО-ЦЕНТР""",39825.0,2519011131518000067
0149200002318005238,44-ФЗ,Иной однолотовый способ 44-ФЗ,Оказание услуг по вывозу и обезвреживанию медицинскихотходов  класса «А»,med,445446.0,"ГОСУДАРСТВЕННОЕ ОБЛАСТНОЕ БЮДЖЕТНОЕ УЧРЕЖДЕНИЕ ЗДРАВООХРАНЕНИЯ ""МУРМАНСКИЙ ОБЛАСТНОЙ ПСИХОНЕВРОЛОГИЧЕСКИЙ ДИСПАНСЕР""",2018-11-21,Нет ограничений,2018-11-21,2018-12-04,'182519011131551900100100110010000000',"ООО ""ОРКО-ЦЕНТР""",443218.77,2519011131518000068
0149200002318005091,44-ФЗ,Иной однолотовый способ 44-ФЗ,Оказание услуг по вывозу и обезвреживанию медицинскихотходов  класса А,med,4241957.01,"ГОСУДАРСТВЕННОЕ ОБЛАСТНОЕ БЮДЖЕТНОЕ УЧРЕЖДЕНИЕ ЗДРАВООХРАНЕНИЯ ""МУРМАНСКИЙ ОБЛАСТНОЙ КЛИНИЧЕСКИЙ МНОГОПРОФИЛЬНЫЙ ЦЕНТР""",2018-11-16,Нет ограничений,2018-11-16,2018-12-03,'182519007016151900100100080030000000',ООО 'СорэксМед',4220747.22,2519007016118000452
0149200002318005081,44-ФЗ,Иной однолотовый способ 44-ФЗ,Оказание услуг по транспортированию и обезвреживанию  медицинскихотходов  класса А,med,596642.4,"ГОСУДАРСТВЕННОЕ ОБЛАСТНОЕ БЮДЖЕТНОЕ УЧРЕЖДЕНИЕ ЗДРАВООХРАНЕНИЯ ""МУРМАНСКИЙ ОБЛАСТНОЙ ОНКОЛОГИЧЕСКИЙ ДИСПАНСЕР""",2018-11-16,Нет ограничений,2018-11-16,2018-11-26,'182519150067451900100100090020000000',"ООО ""ОРКО-ЦЕНТР""",384833.94,2519150067418000329
0149200002318004994,44-ФЗ,Иной однолотовый способ 44-ФЗ,Оказание услуг по транспортировке и обезвреживанию медицинскихотходов  класса «А»,med,506222.07,"ГОСУДАРСТВЕННОЕ ОБЛАСТНОЕ БЮДЖЕТНОЕ УЧРЕЖДЕНИЕ ЗДРАВООХРАНЕНИЯ ""МУРМАНСКАЯ ГОРОДСКАЯ ДЕТСКАЯ ПОЛИКЛИНИКА № 1""",2018-11-13,Нет ограничений,2018-11-13,2018-11-23,'183519002485651900100100340030000000',"ООО ""ОРКО-ЦЕНТР""",503690.95,3519002485618000083
0149200002318005000,44-ФЗ,Иной однолотовый способ 44-ФЗ,Оказание услуг по транспортировке и обезвреживанию медицинскихотходов  класса «Б»,med,665673.36,"ГОСУДАРСТВЕННОЕ ОБЛАСТНОЕ БЮДЖЕТНОЕ УЧРЕЖДЕНИЕ ЗДРАВООХРАНЕНИЯ ""МУРМАНСКАЯ ГОРОДСКАЯ ДЕТСКАЯ ПОЛИКЛИНИКА № 1""",2018-11-13,Нет ограничений,2018-11-13,2018-11-23,'183519002485651900100100340040000000',ООО 'СорэксМед',116492.59,3519002485618000085
0349200017118000031,44-ФЗ,Иной однолотовый способ 44-ФЗ,Оказание услуг по вывозу и обезвреживанию ртутьсодержащихотходов  . ,Hg,24200.0,"ГОСУДАРСТВЕННОЕ ОБЛАСТНОЕ БЮДЖЕТНОЕ УЧРЕЖДЕНИЕ ""УПРАВЛЕНИЕ ПО ОБЕСПЕЧЕНИЮ ДЕЯТЕЛЬНОСТИ ПРАВИТЕЛЬСТВА МУРМАНСКОЙ ОБЛАСТИ""",2018-11-19,Нет ограничений,2018-11-20,2018-11-26,'182519010915451900100100120013822000',"ОБЩЕСТВО С ОГРАНИЧЕННОЙ ОТВЕТСТВЕННОСТЬЮ ""ЭКОТРАНС""",20900.0,2519010915418000091
0149200002318004616,44-ФЗ,Иной однолотовый способ 44-ФЗ,Оказание услуг по транспортированию и обезвреживанию медицинскихотходов  класса Б,med,1521873.6,КОМИТЕТ ГОСУДАРСТВЕННЫХ ЗАКУПОК МУРМАНСКОЙ ОБЛАСТИ,2018-11-01,Нет ограничений,2018-11-01,2018-11-13,'182519006933551900100100410170000000',"ООО ""СТО""",547864.79,2519006933518000114
0149200002318004712,44-ФЗ,Иной однолотовый способ 44-ФЗ,Оказание услуг по утилизации медицинскихотходов  класса Б,med,254800.0,КОМИТЕТ ГОСУДАРСТВЕННЫХ ЗАКУПОК МУРМАНСКОЙ ОБЛАСТИ,2018-11-01,Нет ограничений,2018-11-01,2018-11-14,'182519010262451900100100450013812000',ООО 'СорэксМед',50960.0,2519010262418000039
0349100016718000176,44-ФЗ,Иной однолотовый способ 44-ФЗ,Оказание услуг по вывозу и обезвреживанию медицинскихотходов  класса «Б» для государственных нужд ФКУЗ «МСЧ МВД России по Мурманской области»,med,207600.0,"ФЕДЕРАЛЬНОЕ КАЗЕННОЕ УЧРЕЖДЕНИЕ ЗДРАВООХРАНЕНИЯ ""МЕДИКО-САНИТАРНАЯ ЧАСТЬ МИНИСТЕРСТВА ВНУТРЕННИХ ДЕЛ РОССИЙСКОЙ ФЕДЕРАЦИИ ПО МУРМАНСКОЙ ОБЛАСТИ""",2018-11-06,"Субъектам малого предпринимательства, социально ориентированным некоммерческим организациям",2018-11-06,2018-11-16,'181519014795351900100100080170000244',"ОБЩЕСТВО С ОГРАНИЧЕННОЙ ОТВЕТСТВЕННОСТЬЮ ""ОРКО-ЦЕНТР""",60203.0,1519014795318000151
0149200002318004516,44-ФЗ,Иной однолотовый способ 44-ФЗ,"Оказание услуг по вывозу и обезвреживанию медицинскихотходов  класса ""А""",med,233779.65,КОМИТЕТ ГОСУДАРСТВЕННЫХ ЗАКУПОК МУРМАНСКОЙ ОБЛАСТИ,2018-11-01,Нет ограничений,2018-11-01,2018-11-13,'183519040400851900100100920013811000',ООО 'СорэксМед',154294.53,3519040400818000079
0149200002318004502,44-ФЗ,Иной однолотовый способ 44-ФЗ,"Оказание услуг по вывозу и обезвреживанию медицинскихотходов  класса ""Б""",med,335200.0,КОМИТЕТ ГОСУДАРСТВЕННЫХ ЗАКУПОК МУРМАНСКОЙ ОБЛАСТИ,2018-11-01,Нет ограничений,2018-11-01,2018-11-12,'183519040400851900100100890013822000',"ООО ""ОРКО-ЦЕНТР""",174304.0,3519040400818000075
0149200002318004736,44-ФЗ,Иной однолотовый способ 44-ФЗ,Оказание услуг по вывозу и обезвреживанию медицинскихотходов  класса «А»,med,2469600.0,КОМИТЕТ ГОСУДАРСТВЕННЫХ ЗАКУПОК МУРМАНСКОЙ ОБЛАСТИ,2018-11-01,Нет ограничений,2018-11-01,2018-11-15,'183519150081151900100100010040000000',"ООО ""ОРКО-ЦЕНТР""",1123668.0,3519150081118000172
0149200002318004733,44-ФЗ,Иной однолотовый способ 44-ФЗ,Оказание услуг по вывозу и обезвреживанию медицинскихотходов  класса «Б»,med,2335500.0,КОМИТЕТ ГОСУДАРСТВЕННЫХ ЗАКУПОК МУРМАНСКОЙ ОБЛАСТИ,2018-11-01,Нет ограничений,2018-11-01,2018-11-15,'183519150081151900100100010030000000',"ООО ""СТО""",455422.5,3519150081118000181
0349100016718000177,44-ФЗ,Иной однолотовый способ 44-ФЗ,Оказание услуг по вывозу и обезвреживанию медицинскихотходов  класса «А» для государственных нужд ФКУЗ «МСЧ МВД России по Мурманской области»,med,339529.13,"ФЕДЕРАЛЬНОЕ КАЗЕННОЕ УЧРЕЖДЕНИЕ ЗДРАВООХРАНЕНИЯ ""МЕДИКО-САНИТАРНАЯ ЧАСТЬ МИНИСТЕРСТВА ВНУТРЕННИХ ДЕЛ РОССИЙСКОЙ ФЕДЕРАЦИИ ПО МУРМАНСКОЙ ОБЛАСТИ""",2018-11-06,"Субъектам малого предпринимательства, социально ориентированным некоммерческим организациям",2018-11-06,2018-11-16,'181519014795351900100100080160000244',"ОБЩЕСТВО С ОГРАНИЧЕННОЙ ОТВЕТСТВЕННОСТЬЮ ""ОРКО-ЦЕНТР""",178252.38,1519014795318000152
0149200002318004689,44-ФЗ,Иной однолотовый способ 44-ФЗ,Оказание услуг по вывозу и обезвреживанию медицинскихотходов  класса «Б»,med,1809766.0,КОМИТЕТ ГОСУДАРСТВЕННЫХ ЗАКУПОК МУРМАНСКОЙ ОБЛАСТИ,2018-11-01,Нет ограничений,2018-11-01,2018-11-15,'182519006936751900100100040040000000',"ООО ""ОРКО-ЦЕНТР""",787234.0,2519006936718000118
0149200002318004687,44-ФЗ,Иной однолотовый способ 44-ФЗ,Оказание услуг по вывозу и обезвреживанию медицинскихотходов  класса «А»,med,587437.2,КОМИТЕТ ГОСУДАРСТВЕННЫХ ЗАКУПОК МУРМАНСКОЙ ОБЛАСТИ,2018-11-01,Нет ограничений,2018-11-01,2018-11-15,'182519006936751900100100040050000000',"ООО ""ОРКО-ЦЕНТР""",561002.4,2519006936718000117
0149200002318004774,44-ФЗ,Иной однолотовый способ 44-ФЗ,"Оказание услуг  по вывозу и обезвреживанию медицинскихотходов  класса ""А""",med,923959.68,КОМИТЕТ ГОСУДАРСТВЕННЫХ ЗАКУПОК МУРМАНСКОЙ ОБЛАСТИ,2018-11-02,Нет ограничений,2018-11-02,2018-11-12,'182519006933551900100100410160000000',"Общество с ограниченной ответственностью ""ОРКО-Центр""",554375.79,2519006933518000111
0149200002318004720,44-ФЗ,Иной однолотовый способ 44-ФЗ,Оказание услуг по утилизации медицинскихотходов  класса Б,med,416240.0,КОМИТЕТ ГОСУДАРСТВЕННЫХ ЗАКУПОК МУРМАНСКОЙ ОБЛАСТИ,2018-11-01,Нет ограничений,2018-11-01,2018-11-12,'183519030642751900100100050160000000',ООО 'СорэксМед',178983.2,3519030642718000075
0149200002318004187,44-ФЗ,Иной однолотовый способ 44-ФЗ,Оказание услуг по транспортировке и обезвреживанию медицинскихотходов  класса Б,med,1192500.0,КОМИТЕТ ГОСУДАРСТВЕННЫХ ЗАКУПОК МУРМАНСКОЙ ОБЛАСТИ,2018-10-01,Нет ограничений,2018-10-01,2018-10-18,'182511800086151180100100280020000000',"ООО ""ЭКО СПЕКТР""",464000.0,2511800086118000256
0149200002318004172,44-ФЗ,Иной однолотовый способ 44-ФЗ,Оказание услуг по вывозу и обезвреживанию медицинскихотходов  класса «Б»,med,1352190.0,КОМИТЕТ ГОСУДАРСТВЕННЫХ ЗАКУПОК МУРМАНСКОЙ ОБЛАСТИ,2018-10-01,Нет ограничений,2018-10-01,2018-10-10,'183519215001351900100100080080000000',ООО 'СорэксМед',196067.55,3519215001318000235
0149200002318004171,44-ФЗ,Иной однолотовый способ 44-ФЗ,Оказание услуг по вывозу и обезвреживанию медицинскихотходов  класса «А»,med,1936998.9,КОМИТЕТ ГОСУДАРСТВЕННЫХ ЗАКУПОК МУРМАНСКОЙ ОБЛАСТИ,2018-10-01,Нет ограничений,2018-10-01,2018-10-10,'183519215001351900100100080070000000',ООО 'СорэксМед',1075033.9,3519215001318000242
0349100003518000117,44-ФЗ,Иной однолотовый способ 44-ФЗ, услуги по демеркуризации ртутьсодержащихотходов  (вышедших из строя люминесцентных ламп),Hg,29484.0,ПРОКУРАТУРА МУРМАНСКОЙ ОБЛАСТИ,2018-09-27,"Субъектам малого предпринимательства, социально ориентированным некоммерческим организациям",2018-09-27,2018-10-17,'181519112008751900100100410013822244',"ОБЩЕСТВО С ОГРАНИЧЕННОЙ ОТВЕТСТВЕННОСТЬЮ ""ЭКОЛАЙН""",21060.0,1519112008718000139
0549600001718000157,44-ФЗ,Иной однолотовый способ 44-ФЗ,оказание услуги по транспортировкеотходов  производства и потребления,?,326106.0,"МУНИЦИПАЛЬНОЕ УНИТАРНОЕ ПРЕДПРИЯТИЕ ""ОЛЕНЕГОРСКИЕ ТЕПЛОВЫЕ СЕТИ"" МУНИЦИПАЛЬНОГО ОБРАЗОВАНИЯ ГОРОД ОЛЕНЕГОРСК С ПОДВЕДОМСТВЕННОЙ ТЕРРИТОРИЕЙ МУРМАНСКОЙ ОБЛАСТИ",2018-07-12,Нет ограничений,2018-07-12,2018-07-23,'183510890055051080100101621623811000',"Общество с ограниченной ответственностью ""СТТ КОНСАЛТИНГ""",326106.0,3510890055018000110
0349300046718000229,44-ФЗ,Иной однолотовый способ 44-ФЗ,Ликвидация несанкционированной свалки (части несанкционированной свалки) древесныхотходов  в гп Верхнетуломский,dump,2797253.25,УПРАВЛЕНИЕ ДЕЛАМИ АДМИНИСТРАЦИИ ГОРОДСКОГО ПОСЕЛЕНИЯ ВЕРХНЕТУЛОМСКИЙ КОЛЬСКОГО РАЙОНА МУРМАНСКОЙ ОБЛАСТИ,2018-08-15,Нет ограничений,2018-08-15,2018-08-23,'183510503248951050100110040010000244',"ОБЩЕСТВО С ОГРАНИЧЕННОЙ ОТВЕТСТВЕННОСТЬЮ ""СПЕЦТЕХСЕРВИС""",1702848.52,3510503248918000002
0149200002318003131,44-ФЗ,Иной однолотовый способ 44-ФЗ,Оказание услуг по транспортированию и обезвреживанию обеззараженных медицинскихотходов  класса Б,med,1220628.48,"ГОСУДАРСТВЕННОЕ ОБЛАСТНОЕ БЮДЖЕТНОЕ УЧРЕЖДЕНИЕ ЗДРАВООХРАНЕНИЯ ""МУРМАНСКАЯ ГОРОДСКАЯ КЛИНИЧЕСКАЯ БОЛЬНИЦА СКОРОЙ МЕДИЦИНСКОЙ ПОМОЩИ""",2018-07-05,"Субъектам малого предпринимательства, социально ориентированным некоммерческим организациям",2018-07-05,2018-07-16,'182519007016151900100100080010000000',ООО 'СорэксМед',786432.0,2519007016118000259
0149200002318002855,44-ФЗ,Иной однолотовый способ 44-ФЗ,Оказание услуг по транспортированию и обезвреживанию медицинскихотходов  класса «А» для нужд ГОБУЗ «ЦРБ ЗАТО г. Североморск».,med,1126872.0,"ГОСУДАРСТВЕННОЕ ОБЛАСТНОЕ БЮДЖЕТНОЕ УЧРЕЖДЕНИЕ ЗДРАВООХРАНЕНИЯ ""ЦЕНТРАЛЬНАЯ РАЙОННАЯ БОЛЬНИЦА ЗАТО Г.СЕВЕРОМОРСК""",2018-06-19,Нет ограничений,2018-06-19,2018-06-28,'182511010098451100100100040140000000',"ООО ""Севстрой""",1126872.0,2511010098418000178
0149100003518000041,44-ФЗ,Иной однолотовый способ 44-ФЗ,"Оказание услуг по сбору, транспортированию и обезвреживаниюотходов  III - V классов опасности для нужд СУ СК России по Мурманской области",?,38123.21,СЛЕДСТВЕННОЕ УПРАВЛЕНИЕ СЛЕДСТВЕННОГО КОМИТЕТА РОССИЙСКОЙ ФЕДЕРАЦИИ ПО МУРМАНСКОЙ ОБЛАСТИ,2018-06-13,Нет ограничений,2018-06-13,2018-06-21,'181519092674151900100100240013821244',"Акционерное общество ""Завод по термической обработке твердых бытовых отходов""Филиал № 1 АО ""Завод ТО ТБО""",38123.35,1519092674118000073
0549600001718000115,44-ФЗ,Иной однолотовый способ 44-ФЗ,"Оказание услуг по сбору, транспортировке, обработке, размещению, утилизацииотходов  производства и потребления II-IV класса опасности",?,112388.0,"МУНИЦИПАЛЬНОЕ УНИТАРНОЕ ПРЕДПРИЯТИЕ ""ОЛЕНЕГОРСКИЕ ТЕПЛОВЫЕ СЕТИ"" МУНИЦИПАЛЬНОГО ОБРАЗОВАНИЯ ГОРОД ОЛЕНЕГОРСК С ПОДВЕДОМСТВЕННОЙ ТЕРРИТОРИЕЙ МУРМАНСКОЙ ОБЛАСТИ",2018-05-17,Нет ограничений,2018-05-17,2018-05-28,'183510890055051080100100740743812000',ИВАНОВ МАКСИМ БОРИСОВИЧ,111264.12,3510890055018000091
0349100004618000054,44-ФЗ,Иной однолотовый способ 44-ФЗ,Оказание услуг по вывозу и размещение медицинскихотходов  класса А (крупногабаритныхотходов  ) ,med,31320.0,"ФЕДЕРАЛЬНОЕ ГОСУДАРСТВЕННОЕ БЮДЖЕТНОЕ УЧРЕЖДЕНИЕ ЗДРАВООХРАНЕНИЯ ""ЦЕНТРАЛЬНАЯ МЕДИКО-САНИТАРНАЯ ЧАСТЬ №120 ФЕДЕРАЛЬНОГО МЕДИКО-БИОЛОГИЧЕСКОГО АГЕНТСТВА""",2018-05-16,Нет ограничений,2018-05-16,2018-05-24,'181511200012851120100100050560000000',"ОБЩЕСТВО С ОГРАНИЧЕННОЙ ОТВЕТСТВЕННОСТЬЮ ""ГРАНИТ-АВТО""",32045.0,1511200012818000210
0349100020918000055,44-ФЗ,Иной однолотовый способ 44-ФЗ,Оказание экологической услуги по приему и дальнейшей транспортировке жидкихотходов  с судов,?,1170807.4,"ФЕДЕРАЛЬНОЕ ГОСУДАРСТВЕННОЕ БЮДЖЕТНОЕ НАУЧНОЕ УЧРЕЖДЕНИЕ ""ПОЛЯРНЫЙ НАУЧНО-ИССЛЕДОВАТЕЛЬСКИЙ ИНСТИТУТ МОРСКОГО РЫБНОГО ХОЗЯЙСТВА И ОКЕАНОГРАФИИ ИМ. Н.М. КНИПОВИЧА""",2018-04-20,Нет ограничений,2018-04-20,2018-05-03,'181519004284851900100100640513812000',"Общество с ограниченной ответственностью ""КРОНДЕКС""ОБЩЕСТВО С ОГРАНИЧЕННОЙ ОТВЕТСТВЕННОСТЬЮ ""КРОНДЕКС""",415497.7,1519004284818000063
0349100002718000078,44-ФЗ,Иной однолотовый способ 44-ФЗ,Оказание услуг на транспортировку и обезвреживание обеззараженных медицинскихотходов  класса «Б»,med,1430000.0,"ФЕДЕРАЛЬНОЕ ГОСУДАРСТВЕННОЕ БЮДЖЕТНОЕ УЧРЕЖДЕНИЕ ЗДРАВООХРАНЕНИЯ ""МЕДИКО-САНИТАРНАЯ ЧАСТЬ № 118 ФЕДЕРАЛЬНОГО МЕДИКО-БИОЛОГИЧЕСКОГО АГЕНТСТВА""",2018-04-17,Нет ограничений,2018-04-17,2018-05-03,'181511710009151170100100750753812000',"Общество с ограниченной ответственностью ""ЭКО Спектр""",1430000.0,1511710009118000069
0349100002718000081,44-ФЗ,Иной однолотовый способ 44-ФЗ,"Оказание услуг по сбору, транспортированию и демеркуризации ртутьсодержащихотходов  первого класса опасностиотходов  ",Hg,85440.66,"ФЕДЕРАЛЬНОЕ ГОСУДАРСТВЕННОЕ БЮДЖЕТНОЕ УЧРЕЖДЕНИЕ ЗДРАВООХРАНЕНИЯ ""МЕДИКО-САНИТАРНАЯ ЧАСТЬ № 118 ФЕДЕРАЛЬНОГО МЕДИКО-БИОЛОГИЧЕСКОГО АГЕНТСТВА""",2018-04-23,Нет ограничений,2018-04-23,2018-05-03,'181511710009151170100100770773822000',Общество с ограниченной ответственностью 'Экотранс',39318.0,1511710009118000073
0249100000318000016,44-ФЗ,Иной однолотовый способ 44-ФЗ,"Услуги по сбору, транспортировке и обезвреживаниюотходов  III-Y классов опасности ",?,34919.34,ГОСУДАРСТВЕННОЕ УЧРЕЖДЕНИЕ - ОТДЕЛЕНИЕ ПЕНСИОННОГО ФОНДА РОССИЙСКОЙ ФЕДЕРАЦИИ ПО МУРМАНСКОЙ ОБЛАСТИ,2018-04-25,Нет ограничений,,,'181519112005551900100100210133822244',"Акционерное общество ""Завод по термической обработке твердых бытовых отходов""Филиал № 1 АО ""Завод по термической обработке твердых бытовых отходов""",34919.34,1519112005518000016
0149200002318001484,44-ФЗ,Иной однолотовый способ 44-ФЗ,Оказание услуг по размещению медицинскихотходов  класса А.,med,326088.99,"ГОСУДАРСТВЕННОЕ ОБЛАСТНОЕ БЮДЖЕТНОЕ УЧРЕЖДЕНИЕ ЗДРАВООХРАНЕНИЯ ""КАНДАЛАКШСКАЯ ЦЕНТРАЛЬНАЯ РАЙОННАЯ БОЛЬНИЦА""",2018-04-13,Нет ограничений,2018-04-13,2018-04-24,'182510200743851020100101420010000000',"ООО ""КПК""",326088.99,2510200743818000104
0149200002318001361,44-ФЗ,Иной однолотовый способ 44-ФЗ,Оказание услуг по вывозу медицинскихотходов  класса А,med,1117822.72,"ГОСУДАРСТВЕННОЕ ОБЛАСТНОЕ БЮДЖЕТНОЕ УЧРЕЖДЕНИЕ ЗДРАВООХРАНЕНИЯ ""КАНДАЛАКШСКАЯ ЦЕНТРАЛЬНАЯ РАЙОННАЯ БОЛЬНИЦА""",2018-04-09,Нет ограничений,2018-04-09,2018-04-18,'182510200743851020100101430010000000',"ОБЩЕСТВО С ОГРАНИЧЕННОЙ ОТВЕТСТВЕННОСТЬЮ ""КАНДАЛАКШСКАЯ ПЕРЕРАБАТЫВАЮЩАЯ КОМПАНИЯ""",1117822.72,2510200743818000101
0149100002118000016,44-ФЗ,Иной однолотовый способ 44-ФЗ,"Услуги по сбору прочих неопасныхотходов , непригодных для повторного использования",?,248212.41,УПРАВЛЕНИЕ МИНИСТЕРСТВА ВНУТРЕННИХ ДЕЛ РОССИЙСКОЙ ФЕДЕРАЦИИ ПО ГОРОДУ МУРМАНСКУ,2018-03-21,"Субъектам малого предпринимательства, социально ориентированным некоммерческим организациям",2018-03-21,2018-03-29,'181519090823851900100100010250000244',"Общество с ограниченной ответственностью ""Управляющая компания ""Центр по обращению с отходами""",248212.41,1519090823818000017
0349300008418000003,44-ФЗ,Иной однолотовый способ 44-ФЗ,"Оказание услуг по демеркуризации ртутьсодержащихотходов  для нужд ГОБУЗ ""ЦРБ ЗАТО г. Североморск""",Hg,72030.0,"ГОСУДАРСТВЕННОЕ ОБЛАСТНОЕ БЮДЖЕТНОЕ УЧРЕЖДЕНИЕ ЗДРАВООХРАНЕНИЯ ""ЦЕНТРАЛЬНАЯ РАЙОННАЯ БОЛЬНИЦА ЗАТО Г.СЕВЕРОМОРСК""",2018-03-16,Нет ограничений,2018-03-19,2018-03-23,'182511010098451100100100040090000000',"ОБЩЕСТВО С ОГРАНИЧЕННОЙ ОТВЕТСТВЕННОСТЬЮ ""ЭКОЛОГИЧЕСКОЕ ПРЕДПРИЯТИЕ ""МЕРКУРИЙ""",55730.4,2511010098418000069
0849300004918000202,44-ФЗ,Иной однолотовый способ 44-ФЗ,"Оказание услуг по организации освобождения (очистки) помещений, расположенных в границах муниципального образования город Мурманск, ототходов ",?,1530936.0,"МУРМАНСКОЕ МУНИЦИПАЛЬНОЕ КАЗЕННОЕ УЧРЕЖДЕНИЕ ""ЦЕНТР ПО КОНТРОЛЮ ЗА ИСПОЛЬЗОВАНИЕМ МУНИЦИПАЛЬНОГО ИМУЩЕСТВА""",2018-03-06,"Субъектам малого предпринимательства, социально ориентированным некоммерческим организациям",2018-03-06,2018-03-14,'183519000350351900100100010018122244',"Общество с ограниченной ответственностью ""Управляющая компания ""Центр по обращению с отходами""",1094211.59,3519000350318000067
0349100020918000006,44-ФЗ,Иной однолотовый способ 44-ФЗ,"Оказание услуг по приёму, транспортированию и обезвреживанию ртутьсодержащихотходов  1 класса ",Hg,14370.0,"ФЕДЕРАЛЬНОЕ ГОСУДАРСТВЕННОЕ БЮДЖЕТНОЕ НАУЧНОЕ УЧРЕЖДЕНИЕ ""ПОЛЯРНЫЙ НАУЧНО-ИССЛЕДОВАТЕЛЬСКИЙ ИНСТИТУТ МОРСКОГО РЫБНОГО ХОЗЯЙСТВА И ОКЕАНОГРАФИИ ИМ. Н.М. КНИПОВИЧА""",2018-03-06,Нет ограничений,2018-03-06,2018-03-19,'181519004284851900100100590207120000',"ОБЩЕСТВО С ОГРАНИЧЕННОЙ ОТВЕТСТВЕННОСТЬЮ ""ЭКОТРАНС""",9000.0,1519004284818000027
0349100019318000005,44-ФЗ,Иной однолотовый способ 44-ФЗ,Оказание услуг по снятию с борта судна и утилизацииотходов ,?,300833.33,"ФЕДЕРАЛЬНОЕ ГОСУДАРСТВЕННОЕ БЮДЖЕТНОЕ УЧРЕЖДЕНИЕ ""СЕВЕРНЫЙ ЭКСПЕДИЦИОННЫЙ ОТРЯД АВАРИЙНО-СПАСАТЕЛЬНЫХ РАБОТ""",2018-02-20,"Субъектам малого предпринимательства, социально ориентированным некоммерческим организациям",2018-02-21,2018-03-06,'181519002365151900100100040043822000',"ОБЩЕСТВО С ОГРАНИЧЕННОЙ ОТВЕТСТВЕННОСТЬЮ ""КРОНДЕКС""",297000.0,1519002365118000028
0349300014418000006,44-ФЗ,Иной однолотовый способ 44-ФЗ,"38.11.29.000 - Услуги по сбору прочих неопасныхотходов , непригодных для повторного использования",?,14411.52,"МУНИЦИПАЛЬНОЕ БЮДЖЕТНОЕ ДОШКОЛЬНОЕ ОБРАЗОВАТЕЛЬНОЕ УЧРЕЖДЕНИЕ ""ДЕТСКИЙ САД №46 ""СЕВЕРЯНОЧКА""",2018-02-22,Нет ограничений,,,'183511310046051130100100120013811000',"МУНИЦИПАЛЬНОЕ УНИТАРНОЕ ПРЕДПРИЯТИЕ ЖИЛИЩНО-КОММУНАЛЬНОГО ХОЗЯЙСТВА ""БАЗА МЕХАНИЗАЦИИ""",14411.52,3511310046018000016
0849400000218000035,44-ФЗ,Иной однолотовый способ 44-ФЗ,"38.11.21.000 - Услуги по сбору неопасныхотходов  городского хозяйства, непригодных для повторного использования",?,6300.0,"ФЕДЕРАЛЬНОЕ ГОСУДАРСТВЕННОЕ КАЗЕННОЕ УЧРЕЖДЕНИЕ ""СЕВЕРО-ЗАПАДНЫЙ РЕГИОНАЛЬНЫЙ ПОИСКОВО-СПАСАТЕЛЬНЫЙ ОТРЯД МЧС РОССИИ""",2018-02-22,Нет ограничений,,,'181780205756551900100100030320000244',"ОБЩЕСТВО С ОГРАНИЧЕННОЙ ОТВЕТСТВЕННОСТЬЮ ""ГЕОКЛИМАТ""",6300.0,1780205756518000054
0349100016718000020,44-ФЗ,Иной однолотовый способ 44-ФЗ,Оказание услуг по вывозу и обезвреживанию медицинскихотходов  класса «Б» для обеспечения государственных нужд ФКУЗ «МСЧ МВД России по Мурманской области»,med,127440.0,"ФЕДЕРАЛЬНОЕ КАЗЕННОЕ УЧРЕЖДЕНИЕ ЗДРАВООХРАНЕНИЯ ""МЕДИКО-САНИТАРНАЯ ЧАСТЬ МИНИСТЕРСТВА ВНУТРЕННИХ ДЕЛ РОССИЙСКОЙ ФЕДЕРАЦИИ ПО МУРМАНСКОЙ ОБЛАСТИ""",2018-02-01,"Субъектам малого предпринимательства, социально ориентированным некоммерческим организациям",2018-02-01,2018-02-13,'181519014795351900100100080060000244',"Общество с ограниченной ответственностью ""Управляющая компания ""Центр по обращению с отходами""",125528.4,1519014795318000020
0849300002918000009,44-ФЗ,Иной однолотовый способ 44-ФЗ,"Оказание услуг по транспортированию с территории заказчика и размещению отходов  3-5 класса опасности на санкционированной свалке отходов , расположенной по адресу: г. Кандалакша, в районе улицы 1-я Линия",?,163746.9,"МУНИЦИПАЛЬНОЕ КАЗЕННОЕ УЧРЕЖДЕНИЕ ""МНОГОФУНКЦИОНАЛЬНЫЙ ЦЕНТР ПО ПРЕДОСТАВЛЕНИЮ ГОСУДАРСТВЕННЫХ И МУНИЦИПАЛЬНЫХ УСЛУГ""",2018-02-16,Нет ограничений,,,'183510205084251020100100200013821244',"Общество с ограниченной ответственностью ""Кандалакшская перерабатывающая компания""",154500.0,3510205084218000014
0349300057118000005,44-ФЗ,Иной однолотовый способ 44-ФЗ,"Оказание услуг по централизованному сбору, временному хранению и последующей транспортировки на демеркуризацию в специализированную организацию ртутьсодержащихотходов  от органов местного самоуправления, муниципальных учреждений, а также лиц, осуществляющих управление многоквартирными домами в отношении ртутьсодержащихотходов  населения города Мончегорска ",Hg,280000.0,"МУНИЦИПАЛЬНОЕ КАЗЕННОЕ УЧРЕЖДЕНИЕ ""УПРАВЛЕНИЕ ЖИЛИЩНО-КОММУНАЛЬНОГО ХОЗЯЙСТВА ГОРОДА МОНЧЕГОРСКА""",2018-02-05,"Субъектам малого предпринимательства, социально ориентированным некоммерческим организациям",2018-02-06,2018-02-15,'183510791316151070100100410093812244',"ОБЩЕСТВО С ОГРАНИЧЕННОЙ ОТВЕТСТВЕННОСТЬЮ ""БЛАГОУСТ""",280000.0,3510791316118000007
0349100016718000019,44-ФЗ,Иной однолотовый способ 44-ФЗ,Оказание услуг по вывозу и обезвреживанию медицинскихотходов  класса «А» для обеспечения государственных нужд ФКУЗ «МСЧ МВД России по Мурманской области»,med,275504.04,"ФЕДЕРАЛЬНОЕ КАЗЕННОЕ УЧРЕЖДЕНИЕ ЗДРАВООХРАНЕНИЯ ""МЕДИКО-САНИТАРНАЯ ЧАСТЬ МИНИСТЕРСТВА ВНУТРЕННИХ ДЕЛ РОССИЙСКОЙ ФЕДЕРАЦИИ ПО МУРМАНСКОЙ ОБЛАСТИ""",2018-02-01,"Субъектам малого предпринимательства, социально ориентированным некоммерческим организациям",2018-02-01,2018-02-13,'181519014795351900100100080070000244',"Общество с ограниченной ответственностью ""Управляющая компания ""Центр по обращению с отходами""",275504.04,1519014795318000014
0149200002318000108,44-ФЗ,Иной однолотовый способ 44-ФЗ,"Оказание услуг по вывозу и обезвреживанию медицинскихотходов  класса Б, В",med,1140520.5,"ГОСУДАРСТВЕННОЕ ОБЛАСТНОЕ БЮДЖЕТНОЕ УЧРЕЖДЕНИЕ ЗДРАВООХРАНЕНИЯ ""ОЛЕНЕГОРСКАЯ ЦЕНТРАЛЬНАЯ ГОРОДСКАЯ БОЛЬНИЦА""",2018-02-01,"Субъектам малого предпринимательства, социально ориентированным некоммерческим организациям",2018-02-01,2018-02-12,'182510890002051080100100200023822000',"ЗАКРЫТОЕ АКЦИОНЕРНОЕ ОБЩЕСТВО ""МУРМАНСКИЙ УНИВЕРСАЛЬНЫЙ ЗАВОД""",1254572.55,2510890002018000048
0849300004918000075,44-ФЗ,Иной однолотовый способ 44-ФЗ,Оказание услуг по организации обращения сотходами  ,?,75933.77,МУНИЦИПАЛЬНОЕ БЮДЖЕТНОЕ УЧРЕЖДЕНИЕ ОБРАЗОВАНИЯ ЦЕНТРАЛИЗОВАННАЯ БУХГАЛТЕРИЯ ПО ОБСЛУЖИВАНИЮ УЧРЕЖДЕНИЙ КОМИТЕТА ПО ОБРАЗОВАНИЮ АДМИНИСТРАЦИИ ГОРОДА МУРМАНСКА,2018-01-30,Нет ограничений,2018-01-30,2018-02-07,'183519014812151900100100140133812000',"Общество с ограниченной ответственностью ""Управляющая компания ""Центр по обращению с отходами""Общество с ограниченной ответственностью ""Управляющая компания ""Центр по обращению с отходами""",75933.77,3519014812118000003
0549600001718000022,44-ФЗ,Иной однолотовый способ 44-ФЗ,38.21.40.000 - утилизация золошлаковыхотходов ; 38.21.40.000 - утилизация золошлаковыхотходов ,mining,1590559.1,"МУНИЦИПАЛЬНОЕ УНИТАРНОЕ ПРЕДПРИЯТИЕ ""ОЛЕНЕГОРСКИЕ ТЕПЛОВЫЕ СЕТИ"" МУНИЦИПАЛЬНОГО ОБРАЗОВАНИЯ ГОРОД ОЛЕНЕГОРСК С ПОДВЕДОМСТВЕННОЙ ТЕРРИТОРИЕЙ МУРМАНСКОЙ ОБЛАСТИ",2018-02-08,Нет ограничений,,,'183510890055051080100100340343821000',"АКЦИОНЕРНОЕ ОБЩЕСТВО ""ОЛЕНЕГОРСКИЙ ГОРНО-ОБОГАТИТЕЛЬНЫЙ КОМБИНАТ""",1590559.1,3510890055018000013
0349300022018000007,44-ФЗ,Иной однолотовый способ 44-ФЗ,"Оказание услуг по вывозу и обезвреживанию медицинскихотходов  класса Б, В",med,109350.0,"ГОСУДАРСТВЕННОЕ ОБЛАСТНОЕ БЮДЖЕТНОЕ УЧРЕЖДЕНИЕ ЗДРАВООХРАНЕНИЯ ""ОЛЕНЕГОРСКАЯ ЦЕНТРАЛЬНАЯ ГОРОДСКАЯ БОЛЬНИЦА""",2018-01-30,"Субъектам малого предпринимательства, социально ориентированным некоммерческим организациям",2018-01-31,2018-02-05,'182510890002051080100100200013822000',"ЗАО ""Мурманский универсальный завод""",100000.0,2510890002018000042
0149100003517000303,44-ФЗ,Иной однолотовый способ 44-ФЗ,"Оказание услуг по сбору, транспортированию и обезвреживаниюотходов  III - V классов опасности",?,38123.21,СЛЕДСТВЕННОЕ УПРАВЛЕНИЕ СЛЕДСТВЕННОГО КОМИТЕТА РОССИЙСКОЙ ФЕДЕРАЦИИ ПО МУРМАНСКОЙ ОБЛАСТИ,2017-12-30,Нет ограничений,2018-01-09,2018-01-18,'171519092674151900100100310033821244',"Акционерное общество ""Завод по термической обработке твердых бытовых отходов""Филиал № 1 Акционерное общество ""Завод по термической обработке твердых бытовых отходов""",37771.57,1519092674118000039
0349200020817000072,44-ФЗ,Иной однолотовый способ 44-ФЗ,Оказание услуги по вывозу медицинскихотходов  класса А (1),med,367206.4,"ГОСУДАРСТВЕННОЕ ОБЛАСТНОЕ БЮДЖЕТНОЕ УЧРЕЖДЕНИЕ ЗДРАВООХРАНЕНИЯ ""КАНДАЛАКШСКАЯ ЦЕНТРАЛЬНАЯ РАЙОННАЯ БОЛЬНИЦА""",2017-12-07,Нет ограничений,2017-12-08,2017-12-19,'172510200743851020100105830013811000',"МУНИЦИПАЛЬНОЕ УНИТАРНОЕ ПРЕДПРИЯТИЕ ""ЖИЛИЩНО-ЭКСПЛУАТАЦИОННАЯ КОНТОРА""",367206.4,2510200743817000353
0149200002317005588,44-ФЗ,Иной однолотовый способ 44-ФЗ,Оказание услуг по вывозу и обезвреживанию медицинскихотходов  класса «Б»,med,327000.0,"ГОСУДАРСТВЕННОЕ ОБЛАСТНОЕ БЮДЖЕТНОЕ УЧРЕЖДЕНИЕ ЗДРАВООХРАНЕНИЯ ""МУРМАНСКАЯ ГОРОДСКАЯ ДЕТСКАЯ ПОЛИКЛИНИКА № 4""",2017-12-01,Нет ограничений,2017-12-01,2017-12-11,'173519040400851900100102580013822244',Общество с ограниченной ответственностью «Управляющая компания «Центр по обращению с отходами»,233640.0,3519040400817000063
0349200020817000067,44-ФЗ,Иной однолотовый способ 44-ФЗ,Оказание услуги по вывозу медицинскихотходов  класса А (2),med,91022.93,"ГОСУДАРСТВЕННОЕ ОБЛАСТНОЕ БЮДЖЕТНОЕ УЧРЕЖДЕНИЕ ЗДРАВООХРАНЕНИЯ ""КАНДАЛАКШСКАЯ ЦЕНТРАЛЬНАЯ РАЙОННАЯ БОЛЬНИЦА""",2017-12-07,Нет ограничений,2017-12-08,2017-12-14,'172510200743851020100105840013811000',"МУНИЦИПАЛЬНОЕ УНИТАРНОЕ ПРЕДПРИЯТИЕ ЖИЛИЩНО-КОММУНАЛЬНОГО ХОЗЯЙСТВА ""ВЫМПЕЛ""",91022.93,2510200743817000349
0349100003517000126,44-ФЗ,Иной однолотовый способ 44-ФЗ,38.21.10.000 - услуги по утилизацииотходов  (отработанных картриджей для принтеров и МФУ),ПЭВМ,18000.0,ПРОКУРАТУРА МУРМАНСКОЙ ОБЛАСТИ,2017-12-05,"Субъектам малого предпринимательства, социально ориентированным некоммерческим организациям",2017-12-05,2017-12-12,'171519112008751900100100650013821242',"ОБЩЕСТВО С ОГРАНИЧЕННОЙ ОТВЕТСТВЕННОСТЬЮ ""ЭКОПРОМ""",18000.0,1519112008717000135
0149200002317005550,44-ФЗ,Иной однолотовый способ 44-ФЗ,Оказание услуг по вывозу и обезвреживанию медицинскихотходов  класса «А»,med,561960.0,"ГОСУДАРСТВЕННОЕ ОБЛАСТНОЕ БЮДЖЕТНОЕ УЧРЕЖДЕНИЕ ЗДРАВООХРАНЕНИЯ ""МУРМАНСКАЯ ГОРОДСКАЯ ПОЛИКЛИНИКА № 2""",2017-11-29,Нет ограничений,2017-11-29,2017-12-08,'172519006936751900100100520023821244',Общество с ограниченной ответственностью «Управляющая компания «Центр по обращению с отходами»,540204.0,2519006936718000001
0149200002317005718,44-ФЗ,Иной однолотовый способ 44-ФЗ,оказание услуг по транспортированию и обезвреживанию обеззараженных медицинскихотходов  класса Б,med,588600.0,"ГОСУДАРСТВЕННОЕ ОБЛАСТНОЕ БЮДЖЕТНОЕ УЧРЕЖДЕНИЕ ЗДРАВООХРАНЕНИЯ ""МУРМАНСКИЙ ОБЛАСТНОЙ ОНКОЛОГИЧЕСКИЙ ДИСПАНСЕР""",2017-12-04,Нет ограничений,2017-12-04,2017-12-14,'172519150067451900100100350023811244',"ООО ""УК ""ЦОО""",212400.0,2519150067418000024
0149200002317006014,44-ФЗ,Иной однолотовый способ 44-ФЗ,"Оказание услуг по вывозу и размещению медицинскихотходов  класса ""А""",med,398700.0,"ГОСУДАРСТВЕННОЕ ОБЛАСТНОЕ БЮДЖЕТНОЕ УЧРЕЖДЕНИЕ ЗДРАВООХРАНЕНИЯ ""МУРМАНСКИЙ ОБЛАСТНОЙ НАРКОЛОГИЧЕСКИЙ ДИСПАНСЕР""",2017-12-15,Нет ограничений,2017-12-15,2017-12-26,'172519150006451900100100360013821244',ООО 'СорэксМед',398700.0,2519150006418000004
0149200002317005516,44-ФЗ,Иной однолотовый способ 44-ФЗ,Оказание услуг по вывозу и обезвреживанию медицинскихотходов  класса А  ,med,3955503.45,"ГОСУДАРСТВЕННОЕ ОБЛАСТНОЕ БЮДЖЕТНОЕ УЧРЕЖДЕНИЕ ЗДРАВООХРАНЕНИЯ ""МУРМАНСКАЯ ГОРОДСКАЯ КЛИНИЧЕСКАЯ БОЛЬНИЦА СКОРОЙ МЕДИЦИНСКОЙ ПОМОЩИ""",2017-11-27,"Субъектам малого предпринимательства, социально ориентированным некоммерческим организациям",2017-11-27,2017-12-14,'172519007016151900100100210080000244',ООО 'СорэксМед',3955503.45,2519007016117000223
0149200002317005701,44-ФЗ,Иной однолотовый способ 44-ФЗ,Оказание услуг по вывозу и обезвреживанию медицинскихотходов  класса Б и В,med,507783.33,"ГОСУДАРСТВЕННОЕ ОБЛАСТНОЕ БЮДЖЕТНОЕ УЧРЕЖДЕНИЕ ЗДРАВООХРАНЕНИЯ ""МУРМАНСКИЙ ОБЛАСТНОЙ ПРОТИВОТУБЕРКУЛЕЗНЫЙ ДИСПАНСЕР""",2017-12-04,Нет ограничений,2017-12-04,2017-12-13,'172519214003051900100100500023821244',Общество с ограниченной ответственностью 'СорэксМед',555768.85,2519214003018000014
0149200002317005685,44-ФЗ,Иной однолотовый способ 44-ФЗ,Оказание услуг по транспортировке и обезвреживанию медицинскихотходов  класса «Б»,med,424754.88,"ГОСУДАРСТВЕННОЕ ОБЛАСТНОЕ БЮДЖЕТНОЕ УЧРЕЖДЕНИЕ ЗДРАВООХРАНЕНИЯ ""МУРМАНСКАЯ ГОРОДСКАЯ ДЕТСКАЯ КОНСУЛЬТАТИВНО-ДИАГНОСТИЧЕСКАЯ ПОЛИКЛИНИКА""",2017-12-01,"Субъектам малого предпринимательства, социально ориентированным некоммерческим организациям",2017-12-01,2017-12-12,'173519002485651900100102070013821244',ООО 'СорэксМед',422598.0,3519002485618000001
0149200002317005702,44-ФЗ,Иной однолотовый способ 44-ФЗ,Оказание услуг по вывозу и обезвреживанию медицинскихотходов  класса «А»,med,403661.62,"ГОСУДАРСТВЕННОЕ ОБЛАСТНОЕ БЮДЖЕТНОЕ УЧРЕЖДЕНИЕ ЗДРАВООХРАНЕНИЯ ""МУРМАНСКИЙ ОБЛАСТНОЙ ПРОТИВОТУБЕРКУЛЕЗНЫЙ ДИСПАНСЕР""",2017-12-04,Нет ограничений,2017-12-04,2017-12-13,'172519214003051900100100500013821244',Общество с ограниченной ответственностью 'СорэксМед',403661.62,2519214003018000008
0149200002317005822,44-ФЗ,Иной однолотовый способ 44-ФЗ,Оказание услуг по вывозу и утилизацииотходов  класса А из структурных подразделений ГОБУЗ «Кольская ЦРБ»,med,1100000.0,"ГОСУДАРСТВЕННОЕ ОБЛАСТНОЕ БЮДЖЕТНОЕ УЧРЕЖДЕНИЕ ЗДРАВООХРАНЕНИЯ ""КОЛЬСКАЯ ЦЕНТРАЛЬНАЯ РАЙОННАЯ БОЛЬНИЦА""",2017-12-08,Нет ограничений,2017-12-08,2017-12-20,'172510503263351050100100170013821244',ООО 'СорэксМед',1100000.0,2510503263318000003
0349200022017000061,44-ФЗ,Иной однолотовый способ 44-ФЗ,"Оказание услуг по сбору, транспортированию, обработке, утилизации, обезвреживанию, размещению резинотехническихотходов ",?,33875.0,"ГОСУДАРСТВЕННОЕ ОБЛАСТНОЕ БЮДЖЕТНОЕ УЧРЕЖДЕНИЕ ЗДРАВООХРАНЕНИЯ ""МУРМАНСКАЯ ОБЛАСТНАЯ СТАНЦИЯ СКОРОЙ МЕДИЦИНСКОЙ ПОМОЩИ""",2017-12-11,"Субъектам малого предпринимательства, социально ориентированным некоммерческим организациям",2017-12-11,2017-12-15,'172519006077351900100106910013822000',"ОБЩЕСТВО С ОГРАНИЧЕННОЙ ОТВЕТСТВЕННОСТЬЮ ""ЭКОПРОМ""",33875.0,2519006077317000149
0149200002317005555,44-ФЗ,Иной однолотовый способ 44-ФЗ,Оказание услуг по вывозу и обезвреживанию медицинскихотходов  класса «Б»,med,1602300.0,"ГОСУДАРСТВЕННОЕ ОБЛАСТНОЕ БЮДЖЕТНОЕ УЧРЕЖДЕНИЕ ЗДРАВООХРАНЕНИЯ ""МУРМАНСКАЯ ГОРОДСКАЯ ПОЛИКЛИНИКА № 2""",2017-11-29,Нет ограничений,2017-11-29,2017-12-08,'172519006936751900100100520013821244',"ООО ""УК ""ЦОО""",636020.0,2519006936718000005
0149200002317005634,44-ФЗ,Иной однолотовый способ 44-ФЗ,Оказание услуг по вывозу и обезвреживанию медицинскихотходов  класса «А»,med,230564.16,"ГОСУДАРСТВЕННОЕ ОБЛАСТНОЕ БЮДЖЕТНОЕ УЧРЕЖДЕНИЕ ЗДРАВООХРАНЕНИЯ ""МУРМАНСКАЯ ГОРОДСКАЯ ДЕТСКАЯ ПОЛИКЛИНИКА № 4""",2017-12-01,Нет ограничений,2017-12-01,2017-12-11,'173519040400851900100102570013811244',"Общество с ограниченной ответственностью ""Управляющая компания ""Центр по обращению с отходами""",230564.16,3519040400817000060
0149200002317005753,44-ФЗ,Иной однолотовый способ 44-ФЗ,Оказание услуг по транспортированию и обезвреживанию медицинскихотходов  класса «А» для нужд ГОБУЗ «ЦРБ ЗАТО г. Североморск»,med,741000.0,"ГОСУДАРСТВЕННОЕ ОБЛАСТНОЕ БЮДЖЕТНОЕ УЧРЕЖДЕНИЕ ЗДРАВООХРАНЕНИЯ ""ЦЕНТРАЛЬНАЯ РАЙОННАЯ БОЛЬНИЦА ЗАТО Г.СЕВЕРОМОРСК""",2017-12-05,Нет ограничений,2017-12-05,2017-12-14,'172511010098451100100100680013811244',"ООО ""Севстрой""",741000.0,2511010098417000118
0149200002317005644,44-ФЗ,Иной однолотовый способ 44-ФЗ,Оказание услуг по транспортированию и обезвреживанию обеззараженных медицинскихотходов  класса А,med,576811.8,"ГОСУДАРСТВЕННОЕ ОБЛАСТНОЕ БЮДЖЕТНОЕ УЧРЕЖДЕНИЕ ЗДРАВООХРАНЕНИЯ ""МУРМАНСКИЙ ОБЛАСТНОЙ ОНКОЛОГИЧЕСКИЙ ДИСПАНСЕР""",2017-12-01,Нет ограничений,2017-12-01,2017-12-12,'172519150067451900100100350033811244',"ООО ""УК ""ЦОО""",554480.82,2519150067417000265
0349100003517000124,44-ФЗ,Иной однолотовый способ 44-ФЗ,38.21.10.000 - приобретение услуги по демеркуризации ртутьсодержащихотходов  (вышедших из строя люминесцентных ламп)  ,Hg,5940.0,ПРОКУРАТУРА МУРМАНСКОЙ ОБЛАСТИ,2017-12-01,"Субъектам малого предпринимательства, социально ориентированным некоммерческим организациям",2017-12-01,2017-12-08,'171519112008751900100100640013821244',"ОБЩЕСТВО С ОГРАНИЧЕННОЙ ОТВЕТСТВЕННОСТЬЮ ""ЭКОПРОМ""",5940.0,1519112008717000134
0349100004617000172,44-ФЗ,Иной однолотовый способ 44-ФЗ,"Погрузка, вывоз и обезвреживание медицинскихотходов  класса Б в 2018 году",med,476000.0,"ФЕДЕРАЛЬНОЕ ГОСУДАРСТВЕННОЕ БЮДЖЕТНОЕ УЧРЕЖДЕНИЕ ЗДРАВООХРАНЕНИЯ ""ЦЕНТРАЛЬНАЯ МЕДИКО-САНИТАРНАЯ ЧАСТЬ №120 ФЕДЕРАЛЬНОГО МЕДИКО-БИОЛОГИЧЕСКОГО АГЕНТСТВА""",2017-11-24,Нет ограничений,2017-11-24,2017-12-04,'171511200012851120100100111740000244',"ЗАКРЫТОЕ АКЦИОНЕРНОЕ ОБЩЕСТВО ""МУРМАНСКИЙ УНИВЕРСАЛЬНЫЙ ЗАВОД""",523600.0,1511200012817000420
0149200002317005350,44-ФЗ,Иной однолотовый способ 44-ФЗ,Оказание услуг по вывозу и обезвреживанию медицинскихотходов  класса «Б»,med,159300.0,"ГОСУДАРСТВЕННОЕ ОБЛАСТНОЕ БЮДЖЕТНОЕ УЧРЕЖДЕНИЕ ЗДРАВООХРАНЕНИЯ ""МУРМАНСКИЙ ОБЛАСТНОЙ ПСИХОНЕВРОЛОГИЧЕСКИЙ ДИСПАНСЕР""",2017-11-17,"Субъектам малого предпринимательства, социально ориентированным некоммерческим организациям",2017-11-17,2017-11-28,'172519011131551900100100090013821244',"ООО ""УК ""ЦОО""",118000.0,2519011131517000096
0149200002317005157,44-ФЗ,Иной однолотовый способ 44-ФЗ,Оказание услуг по транспортированию и обезвреживанию медицинскихотходов  класса «А»,med,4915481.6,"ГОСУДАРСТВЕННОЕ ОБЛАСТНОЕ БЮДЖЕТНОЕ УЧРЕЖДЕНИЕ ЗДРАВООХРАНЕНИЯ ""МУРМАНСКАЯ ОБЛАСТНАЯ КЛИНИЧЕСКАЯ БОЛЬНИЦА ИМЕНИ П.А. БАЯНДИНА""",2017-11-14,Нет ограничений,2017-11-14,2017-12-01,'172519080011451900100105190013821244',Общество с ограниченной ответственностью «Управляющая компания «Центр по обращению с отходами»,4915481.6,2519080011417000731
0349100004617000171,44-ФЗ,Иной однолотовый способ 44-ФЗ,"Погрузка, транспортирование и размещение медицинскихотходов  класса А в 2018 году",med,858310.82,"ФЕДЕРАЛЬНОЕ ГОСУДАРСТВЕННОЕ БЮДЖЕТНОЕ УЧРЕЖДЕНИЕ ЗДРАВООХРАНЕНИЯ ""ЦЕНТРАЛЬНАЯ МЕДИКО-САНИТАРНАЯ ЧАСТЬ №120 ФЕДЕРАЛЬНОГО МЕДИКО-БИОЛОГИЧЕСКОГО АГЕНТСТВА""",2017-11-23,Нет ограничений,2017-11-23,2017-12-01,'171511200012851120100100111730000244',"ОБЩЕСТВО С ОГРАНИЧЕННОЙ ОТВЕТСТВЕННОСТЬЮ ""ГРАНИТ-АВТО""",858310.82,1511200012817000417
0349200013617000034,44-ФЗ,Иной однолотовый способ 44-ФЗ,Оказание услуг по вывозу и обезвреживанию медицинскихотходов  класса Б методом захоронения,med,48600.0,"ГОСУДАРСТВЕННОЕ ОБЛАСТНОЕ БЮДЖЕТНОЕ УЧРЕЖДЕНИЕ ЗДРАВООХРАНЕНИЯ ""МУРМАНСКИЙ ОБЛАСТНОЙ ПЕРИНАТАЛЬНЫЙ ЦЕНТР""",2017-11-23,"Субъектам малого предпринимательства, социально ориентированным некоммерческим организациям",2017-11-23,2017-11-30,'172519040415051900100100300013822244',"АКЦИОНЕРНОЕ ОБЩЕСТВО ""БЮРО СПЕЦОБСЛУЖИВАНИЯ""",48000.0,2519040415017000162
0149200002317005193,44-ФЗ,Иной однолотовый способ 44-ФЗ,Оказание услуг по вывозу и обезвреживанию медицинскихотходов  класса Б,med,1373400.0,"ГОСУДАРСТВЕННОЕ ОБЛАСТНОЕ БЮДЖЕТНОЕ УЧРЕЖДЕНИЕ ЗДРАВООХРАНЕНИЯ ""МУРМАНСКАЯ ГОРОДСКАЯ ПОЛИКЛИНИКА № 1""",2017-11-14,Нет ограничений,2017-11-14,2017-11-23,'172519006933551900100100120723821244',"Общество с ограниченной ответственностью ""Управляющая компания ""Центр по обращению с отходами""",1359666.0,2519006933517000067
0149200002317005340,44-ФЗ,Иной однолотовый способ 44-ФЗ,Оказание услуг по утилизации медицинскихотходов  класса А,med,359515.68,"ГОСУДАРСТВЕННОЕ ОБЛАСТНОЕ БЮДЖЕТНОЕ УЧРЕЖДЕНИЕ ЗДРАВООХРАНЕНИЯ ""МУРМАНСКАЯ ГОРОДСКАЯ ДЕТСКАЯ ПОЛИКЛИНИКА № 5""",2017-11-17,Нет ограничений,2017-11-17,2017-11-27,'173519030642751900100100110013812244',ООО 'СорэксМед',359515.68,3519030642717000058
0349100021117000175,44-ФЗ,Иной однолотовый способ 44-ФЗ,Оказание услуг по вывозу и утилизации медицинскихотходов  класса А ,med,1041857.59,"ФЕДЕРАЛЬНОЕ ГОСУДАРСТВЕННОЕ БЮДЖЕТНОЕ УЧРЕЖДЕНИЕ ЗДРАВООХРАНЕНИЯ ""МУРМАНСКИЙ МНОГОПРОФИЛЬНЫЙ ЦЕНТР ИМЕНИ Н.И. ПИРОГОВА ФЕДЕРАЛЬНОГО МЕДИКО-БИОЛОГИЧЕСКОГО АГЕНТСТВА""",2017-11-13,"Субъектам малого предпринимательства, социально ориентированным некоммерческим организациям",2017-11-13,2017-11-21,'171519005315951900100102751663821244',"Общество с ограниченной ответственностью ""СорэксМед""ОБЩЕСТВО С ОГРАНИЧЕННОЙ ОТВЕТСТВЕННОСТЬЮ ""СОРЭКСМЕД""",1041857.59,1519005315917000175
0149200002317004883,44-ФЗ,Иной однолотовый способ 44-ФЗ,"Оказание услуг по планово-регулярному вывозу, транспортировке и размещению медицинскихотходов  класса А",med,1014194.47,"ГОСУДАРСТВЕННОЕ ОБЛАСТНОЕ БЮДЖЕТНОЕ УЧРЕЖДЕНИЕ ЗДРАВООХРАНЕНИЯ ""МУРМАНСКИЙ ОБЛАСТНОЙ ПЕРИНАТАЛЬНЫЙ ЦЕНТР""",2017-11-01,Нет ограничений,2017-11-01,2017-11-15,'172519040415051900100100090013811244',ООО 'СорэксМед',1014194.47,2519040415017000142
0149200002317004768,44-ФЗ,Иной однолотовый способ 44-ФЗ,Оказание услуг по транспортировке и обезвреживанию медицинскихотходов  класса «А»,med,449913.35,"ГОСУДАРСТВЕННОЕ ОБЛАСТНОЕ БЮДЖЕТНОЕ УЧРЕЖДЕНИЕ ЗДРАВООХРАНЕНИЯ ""МУРМАНСКАЯ ГОРОДСКАЯ ДЕТСКАЯ КОНСУЛЬТАТИВНО-ДИАГНОСТИЧЕСКАЯ ПОЛИКЛИНИКА""",2017-11-01,"Субъектам малого предпринимательства, социально ориентированным некоммерческим организациям",2017-11-01,2017-11-10,'173519002485651900100101940013822244',"Общество с ограниченной ответственностью ""Управляющая компания ""Центр по обращению с отходами""",449913.35,3519002485617000078
0349100006717000220,44-ФЗ,Иной однолотовый способ 44-ФЗ,"Оказание услуг по сбору, транспортированию и обезвреживанию обеззараженных медицинскихотходов  класса ""Б"", ""В""",med,1132600.0,"ФЕДЕРАЛЬНОЕ ГОСУДАРСТВЕННОЕ КАЗЕННОЕ УЧРЕЖДЕНИЕ ""1469 ВОЕННО-МОРСКОЙ КЛИНИЧЕСКИЙ ГОСПИТАЛЬ"" МИНИСТЕРСТВА ОБОРОНЫ РОССИЙСКОЙ ФЕДЕРАЦИИ",2017-09-20,"Субъектам малого предпринимательства, социально ориентированным некоммерческим организациям",2017-09-20,2017-09-29,'171511050054151100100102320013812244',"ЗАКРЫТОЕ АКЦИОНЕРНОЕ ОБЩЕСТВО ""МУРМАНСКИЙ УНИВЕРСАЛЬНЫЙ ЗАВОД""",1132600.0,1511050054117000165
0349100004617000137,44-ФЗ,Иной однолотовый способ 44-ФЗ,"Сбор, транспортирование и размещение медицинскихотходов  класса А в 4 квартале 2017 года",med,217453.28,"ФЕДЕРАЛЬНОЕ ГОСУДАРСТВЕННОЕ БЮДЖЕТНОЕ УЧРЕЖДЕНИЕ ЗДРАВООХРАНЕНИЯ ""ЦЕНТРАЛЬНАЯ МЕДИКО-САНИТАРНАЯ ЧАСТЬ №120 ФЕДЕРАЛЬНОГО МЕДИКО-БИОЛОГИЧЕСКОГО АГЕНТСТВА""",2017-09-18,Нет ограничений,2017-09-18,2017-09-26,'171511200012851120100100111410000244',"ОБЩЕСТВО С ОГРАНИЧЕННОЙ ОТВЕТСТВЕННОСТЬЮ ""ГРАНИТ-АВТО""",217453.28,1511200012817000333
0349100006717000191,44-ФЗ,Иной однолотовый способ 44-ФЗ,Утилизацияотходов  класса Г (рутьсодержащихотходов  ) ,?,78705.96,"ФЕДЕРАЛЬНОЕ ГОСУДАРСТВЕННОЕ КАЗЕННОЕ УЧРЕЖДЕНИЕ ""1469 ВОЕННО-МОРСКОЙ КЛИНИЧЕСКИЙ ГОСПИТАЛЬ"" МИНИСТЕРСТВА ОБОРОНЫ РОССИЙСКОЙ ФЕДЕРАЦИИ",2017-07-31,"Субъектам малого предпринимательства, социально ориентированным некоммерческим организациям",2017-07-31,2017-08-08,'171511050054151100100101380013822244',"ОБЩЕСТВО С ОГРАНИЧЕННОЙ ОТВЕТСТВЕННОСТЬЮ ""ПРИРОДООХРАННЫЙ ЦЕНТР-ГРУПП""",9773.01,1511050054117000134
0349100006717000184,44-ФЗ,Иной однолотовый способ 44-ФЗ,Оказание услуг по утилизации ртутьсодержащихотходов ,?,114490.77,"ФЕДЕРАЛЬНОЕ ГОСУДАРСТВЕННОЕ КАЗЕННОЕ УЧРЕЖДЕНИЕ ""1469 ВОЕННО-МОРСКОЙ КЛИНИЧЕСКИЙ ГОСПИТАЛЬ"" МИНИСТЕРСТВА ОБОРОНЫ РОССИЙСКОЙ ФЕДЕРАЦИИ",2017-07-31,"Субъектам малого предпринимательства, социально ориентированным некоммерческим организациям",2017-07-31,2017-08-08,'171511050054151100100101390013822244',"ОБЩЕСТВО С ОГРАНИЧЕННОЙ ОТВЕТСТВЕННОСТЬЮ ""ЭКОЛАЙН""Общество с ограниченной ответственностью ""Эколайн""",18318.61,1511050054117000143
0349100006717000183,44-ФЗ,Иной однолотовый способ 44-ФЗ,Утилизацияотходов  класса Г (рутьсодержащихотходов  ) ,?,147888.88,"ФЕДЕРАЛЬНОЕ ГОСУДАРСТВЕННОЕ КАЗЕННОЕ УЧРЕЖДЕНИЕ ""1469 ВОЕННО-МОРСКОЙ КЛИНИЧЕСКИЙ ГОСПИТАЛЬ"" МИНИСТЕРСТВА ОБОРОНЫ РОССИЙСКОЙ ФЕДЕРАЦИИ",2017-07-31,"Субъектам малого предпринимательства, социально ориентированным некоммерческим организациям",2017-07-31,2017-08-08,'171511050054151100100101880013822244',"Общество с ограниченной ответственностью ""Эколайн""ОБЩЕСТВО С ОГРАНИЧЕННОЙ ОТВЕТСТВЕННОСТЬЮ ""ЭКОЛАЙН""",22183.48,1511050054117000144
0349100006717000181,44-ФЗ,Иной однолотовый способ 44-ФЗ,Утилизацияотходов  класса Г (лекарственных препаратов непригодных к использованию),med,45248.73,"ФЕДЕРАЛЬНОЕ ГОСУДАРСТВЕННОЕ КАЗЕННОЕ УЧРЕЖДЕНИЕ ""1469 ВОЕННО-МОРСКОЙ КЛИНИЧЕСКИЙ ГОСПИТАЛЬ"" МИНИСТЕРСТВА ОБОРОНЫ РОССИЙСКОЙ ФЕДЕРАЦИИ",2017-07-31,"Субъектам малого предпринимательства, социально ориентированным некоммерческим организациям",2017-07-31,2017-08-08,'171511050054151100100101890013822244',"Общество с ограниченной ответственностью ""СорэксМед""ОБЩЕСТВО С ОГРАНИЧЕННОЙ ОТВЕТСТВЕННОСТЬЮ ""СОРЭКСМЕД""",14633.32,1511050054117000135
0349100006717000185,44-ФЗ,Иной однолотовый способ 44-ФЗ,Оказание услуг по утилизацииотходов  класса Г (имущества гражданской обороны),?,379919.0,"ФЕДЕРАЛЬНОЕ ГОСУДАРСТВЕННОЕ КАЗЕННОЕ УЧРЕЖДЕНИЕ ""1469 ВОЕННО-МОРСКОЙ КЛИНИЧЕСКИЙ ГОСПИТАЛЬ"" МИНИСТЕРСТВА ОБОРОНЫ РОССИЙСКОЙ ФЕДЕРАЦИИ",2017-07-31,"Субъектам малого предпринимательства, социально ориентированным некоммерческим организациям",2017-07-31,2017-08-08,'171511050054151100100101360013822244',"Общество с ограниченной ответственностью ""Эколайн""ОБЩЕСТВО С ОГРАНИЧЕННОЙ ОТВЕТСТВЕННОСТЬЮ ""ЭКОЛАЙН""",64585.5,1511050054117000142
0349100006717000182,44-ФЗ,Иной однолотовый способ 44-ФЗ,Утилизацияотходов  класса Г (лекарственных препаратов непригодных к использованию),med,527536.52,"ФЕДЕРАЛЬНОЕ ГОСУДАРСТВЕННОЕ КАЗЕННОЕ УЧРЕЖДЕНИЕ ""1469 ВОЕННО-МОРСКОЙ КЛИНИЧЕСКИЙ ГОСПИТАЛЬ"" МИНИСТЕРСТВА ОБОРОНЫ РОССИЙСКОЙ ФЕДЕРАЦИИ",2017-07-31,"Субъектам малого предпринимательства, социально ориентированным некоммерческим организациям",2017-07-31,2017-08-08,'171511050054151100100101370013822244',"Общество с ограниченной ответственностью ""Эколайн""ОБЩЕСТВО С ОГРАНИЧЕННОЙ ОТВЕТСТВЕННОСТЬЮ ""ЭКОЛАЙН""",79130.77,1511050054117000141
0149200002317005372,44-ФЗ,Иной однолотовый способ 44-ФЗ,Оказание услуг по вывозу и обезвреживанию медицинскихотходов  класса «А»,med,427050.0,"ГОСУДАРСТВЕННОЕ ОБЛАСТНОЕ БЮДЖЕТНОЕ УЧРЕЖДЕНИЕ ЗДРАВООХРАНЕНИЯ ""МУРМАНСКИЙ ОБЛАСТНОЙ ПСИХОНЕВРОЛОГИЧЕСКИЙ ДИСПАНСЕР""",2017-11-20,"Субъектам малого предпринимательства, социально ориентированным некоммерческим организациям",2017-11-20,2017-11-30,'172519011131551900100100020013821244',"Общество с ограниченной ответственностью ""Управляющая компания ""Центр по обращению с отходами""",427050.0,2519011131517000094
0149200002317005150,44-ФЗ,Иной однолотовый способ 44-ФЗ,Оказание услуг по транспортировке и обезвреживанию медицинскихотходов  класса Б,med,1192500.0,"ГОСУДАРСТВЕННОЕ ОБЛАСТНОЕ БЮДЖЕТНОЕ УЧРЕЖДЕНИЕ ЗДРАВООХРАНЕНИЯ ""АПАТИТСКО-КИРОВСКАЯ ЦЕНТРАЛЬНАЯ ГОРОДСКАЯ БОЛЬНИЦА""",2017-11-14,Нет ограничений,2017-11-14,2017-11-27,'172511800086151180100100260017112244',"Общество с ограниченной ответственностью ""Эко Спектр""",1192500.0,2511800086117000355
0149200002317005207,44-ФЗ,Иной однолотовый способ 44-ФЗ,Оказание услуг по утилизации медицинскихотходов  класса Б,med,388460.0,"ГОСУДАРСТВЕННОЕ ОБЛАСТНОЕ БЮДЖЕТНОЕ УЧРЕЖДЕНИЕ ЗДРАВООХРАНЕНИЯ ""МУРМАНСКАЯ ГОРОДСКАЯ ДЕТСКАЯ ПОЛИКЛИНИКА № 5""",2017-11-14,Нет ограничений,2017-11-14,2017-11-23,'173519030642751900100100110023812244',ООО 'СорэксМед',388460.0,3519030642717000057
0849300004917000998,44-ФЗ,Иной однолотовый способ 44-ФЗ,"Оказание услуг по организации освобождения (очистки) помещений, расположенных в границах муниципального образования город Мурманск, ототходов ",?,190723.5,"МУРМАНСКОЕ МУНИЦИПАЛЬНОЕ КАЗЕННОЕ УЧРЕЖДЕНИЕ ""ЦЕНТР ПО КОНТРОЛЮ ЗА ИСПОЛЬЗОВАНИЕМ МУНИЦИПАЛЬНОГО ИМУЩЕСТВА""",2017-11-21,Нет ограничений,2017-11-21,2017-11-28,'173519000350351900100101011018122244',"ОБЩЕСТВО С ОГРАНИЧЕННОЙ ОТВЕТСТВЕННОСТЬЮ ""ТЕХДОМ""",172500.0,3519000350317000098
0149200002317004975,44-ФЗ,Иной однолотовый способ 44-ФЗ,Оказание услуг по вывозу и обезвреживанию медицинскихотходов  класса А,med,1040348.52,"ГОСУДАРСТВЕННОЕ ОБЛАСТНОЕ БЮДЖЕТНОЕ УЧРЕЖДЕНИЕ ЗДРАВООХРАНЕНИЯ ""МУРМАНСКАЯ ГОРОДСКАЯ ПОЛИКЛИНИКА № 1""",2017-11-03,Нет ограничений,2017-11-03,2017-11-15,'172519006933551900100100110713821244',"Общество с ограниченной ответственностью ""Управляющая компания ""Центр по обращению с отходами""",1057207.32,2519006933517000059
0149200002317004754,44-ФЗ,Иной однолотовый способ 44-ФЗ,Услуги по  утилизацииотходов  класса Б,med,510000.0,"ГОСУДАРСТВЕННОЕ ОБЛАСТНОЕ БЮДЖЕТНОЕ УЧРЕЖДЕНИЕ ЗДРАВООХРАНЕНИЯ ""КОЛЬСКАЯ ЦЕНТРАЛЬНАЯ РАЙОННАЯ БОЛЬНИЦА""",2017-10-30,Нет ограничений,2017-10-30,2017-11-09,'172510503263351050100100180013822244',ООО 'СорэксМед',510000.0,2510503263317000288
0149200002317004971,44-ФЗ,Иной однолотовый способ 44-ФЗ,Оказание услуг по вывозу и обезвреживанию медицинскихотходов  класса «А»,med,234624.96,"ГОСУДАРСТВЕННОЕ ОБЛАСТНОЕ БЮДЖЕТНОЕ УЧРЕЖДЕНИЕ ЗДРАВООХРАНЕНИЯ ""МУРМАНСКАЯ ОБЛАСТНАЯ СТАНЦИЯ СКОРОЙ МЕДИЦИНСКОЙ ПОМОЩИ""",2017-11-03,"Субъектам малого предпринимательства, социально ориентированным некоммерческим организациям",2017-11-03,2017-11-15,'172519006077351900100106890010000244',ООО 'СорэксМед',234624.96,2519006077317000131
0149200002317004670,44-ФЗ,Иной однолотовый способ 44-ФЗ,Оказание услуг по вывозу и обезвреживанию медицинскихотходов  класса «Б»,med,1272600.0,"ГОСУДАРСТВЕННОЕ ОБЛАСТНОЕ БЮДЖЕТНОЕ УЧРЕЖДЕНИЕ ЗДРАВООХРАНЕНИЯ ""МУРМАНСКАЯ ДЕТСКАЯ КЛИНИЧЕСКАЯ БОЛЬНИЦА""",2017-10-23,Нет ограничений,2017-10-23,2017-11-01,'173519215001351900100100300013821244',ООО 'СорэксМед',1183518.0,3519215001317000269
0149200002317004671,44-ФЗ,Иной однолотовый способ 44-ФЗ,Оказание услуг по вывозу и обезвреживанию медицинскихотходов  класса «А»,med,1775813.25,"ГОСУДАРСТВЕННОЕ ОБЛАСТНОЕ БЮДЖЕТНОЕ УЧРЕЖДЕНИЕ ЗДРАВООХРАНЕНИЯ ""МУРМАНСКАЯ ДЕТСКАЯ КЛИНИЧЕСКАЯ БОЛЬНИЦА""",2017-10-23,Нет ограничений,2017-10-23,2017-11-01,'173519215001351900100100310013821244',ООО 'СорэксМед',1775813.25,3519215001317000267
0149200002317004599,44-ФЗ,Иной однолотовый способ 44-ФЗ,"Оказание услуг по вывозу и обезвреживанию органических операционныхотходов  класса ""Б"" (методом сжигания)",med,188360.0,"ГОСУДАРСТВЕННОЕ ОБЛАСТНОЕ БЮДЖЕТНОЕ УЧРЕЖДЕНИЕ ЗДРАВООХРАНЕНИЯ ""МУРМАНСКИЙ ОБЛАСТНОЙ ПЕРИНАТАЛЬНЫЙ ЦЕНТР""",2017-10-18,Нет ограничений,2017-10-18,2017-10-26,'172519040415051900100100110013812244',ООО 'СорэксМед',184592.8,2519040415017000137
0149200002317004600,44-ФЗ,Иной однолотовый способ 44-ФЗ,"Оказание услуг по вывозу и обезвреживаниюотходов  класса ""Б""",med,203166.66,"ГОСУДАРСТВЕННОЕ ОБЛАСТНОЕ БЮДЖЕТНОЕ УЧРЕЖДЕНИЕ ЗДРАВООХРАНЕНИЯ ""МУРМАНСКИЙ ОБЛАСТНОЙ ПЕРИНАТАЛЬНЫЙ ЦЕНТР""",2017-10-18,Нет ограничений,2017-10-18,2017-10-26,'172519040415051900100100100013812244',ООО 'СорэксМед',201134.98,2519040415017000136
0149200002317004512,44-ФЗ,Иной однолотовый способ 44-ФЗ,Оказание услуг по транспортированию и обезвреживанию обеззараженных медицинскихотходов  класса Б,med,599040.0,"ГОСУДАРСТВЕННОЕ ОБЛАСТНОЕ БЮДЖЕТНОЕ УЧРЕЖДЕНИЕ ЗДРАВООХРАНЕНИЯ ""МУРМАНСКАЯ ГОРОДСКАЯ КЛИНИЧЕСКАЯ БОЛЬНИЦА СКОРОЙ МЕДИЦИНСКОЙ ПОМОЩИ""",2017-10-11,"Субъектам малого предпринимательства, социально ориентированным некоммерческим организациям",2017-10-11,2017-10-20,'172519007016151900100100210060000244',ООО 'СорэксМед',542115.84,2519007016117000148
0149200002317004383,44-ФЗ,Иной однолотовый способ 44-ФЗ,Оказание услуг по вывозу и обезвреживанию медицинскихотходов  класса «Б» ,med,2125500.0,"ГОСУДАРСТВЕННОЕ ОБЛАСТНОЕ БЮДЖЕТНОЕ УЧРЕЖДЕНИЕ ЗДРАВООХРАНЕНИЯ ""МУРМАНСКАЯ ОБЪЕДИНЕННАЯ МЕДСАНЧАСТЬ ""СЕВРЫБА""",2017-10-01,Нет ограничений,2017-10-01,2017-10-09,'173519150081151900100100010023812244',"Общество с ограниченной ответственностью ""Управляющая компания ""Центр по обращению с отходами""",768117.5,3519150081117000151
0149200002317004368,44-ФЗ,Иной однолотовый способ 44-ФЗ,Оказание услуг по вывозу и обезвреживанию медицинскихотходов  класса «А» ,med,2385972.0,"ГОСУДАРСТВЕННОЕ ОБЛАСТНОЕ БЮДЖЕТНОЕ УЧРЕЖДЕНИЕ ЗДРАВООХРАНЕНИЯ ""МУРМАНСКАЯ ОБЪЕДИНЕННАЯ МЕДСАНЧАСТЬ ""СЕВРЫБА""",2017-10-01,Нет ограничений,2017-10-01,2017-10-09,'173519150081151900100100010013812244',"Общество с ограниченной ответственностью ""Управляющая компания ""Центр по обращению с отходами""",2385972.0,3519150081117000149
0349500000417000015,44-ФЗ,Иной однолотовый способ 44-ФЗ,Оказание услуг по вывозу и демеркуризации (обезвреживанию) ртутьсодержащихотходов ,Hg,40466.33,"ГОСУДАРСТВЕННОЕ ОБЛАСТНОЕ БЮДЖЕТНОЕ УЧРЕЖДЕНИЕ ЗДРАВООХРАНЕНИЯ ""МУРМАНСКАЯ ГОРОДСКАЯ ПОЛИКЛИНИКА № 1""",2017-09-12,Нет ограничений,2017-09-12,2017-09-19,'172519006933551900100100120463821244',ООО 'Экотранс',21619.0,2519006933517000045
0349300045617000049,44-ФЗ,Иной однолотовый способ 44-ФЗ,Ликвидация несанкционированных мест размещенияотходов  ,dump,300000.0,"МУНИЦИПАЛЬНОЕ КАЗЕННОЕ УЧРЕЖДЕНИЕ ""УПРАВЛЕНИЕ ГОРОДСКОГО ХОЗЯЙСТВА"" МУНИЦИПАЛЬНОГО ОБРАЗОВАНИЯ Г. ЗАПОЛЯРНЫЙ",2017-07-27,"Субъектам малого предпринимательства, социально ориентированным некоммерческим организациям",2017-07-27,2017-08-04,'173510903266651090100100380343811244',БАЗАНОВ ЮРИЙ ЛЕОНИДОВИЧ,300000.0,3510903266617000029
0149200002317003712,44-ФЗ,Иной однолотовый способ 44-ФЗ,Оказание услуг по транспортировке и обезвреживанию медицинскихотходов  класса Б,med,526500.0,"ГОСУДАРСТВЕННОЕ ОБЛАСТНОЕ БЮДЖЕТНОЕ УЧРЕЖДЕНИЕ ЗДРАВООХРАНЕНИЯ ""АПАТИТСКО-КИРОВСКАЯ ЦЕНТРАЛЬНАЯ ГОРОДСКАЯ БОЛЬНИЦА""",2017-08-07,Нет ограничений,2017-08-07,2017-08-16,'172511800086151180100100490090000244',"Общество с ограниченной ответственностью ""Эко Спектр""",526500.0,2511800086117000231
0849300004917000521,44-ФЗ,Иной однолотовый способ 44-ФЗ,оказание услуг по организации обезвреживанияотходов  1 класса опасности,?,67275.0,"МУРМАНСКОЕ МУНИЦИПАЛЬНОЕ БЮДЖЕТНОЕ УЧРЕЖДЕНИЕ ""УПРАВЛЕНИЕ ПО ОБЕСПЕЧЕНИЮ ДЕЯТЕЛЬНОСТИ ОРГАНОВ МЕСТНОГО САМОУПРАВЛЕНИЯ ГОРОДА МУРМАНСКА""",2017-07-03,Нет ограничений,2017-07-03,2017-07-13,'173519000004451900100100030013822244',"ОБЩЕСТВО С ОГРАНИЧЕННОЙ ОТВЕТСТВЕННОСТЬЮ ""ЭКОТРАНС""",67275.0,3519000004417000032
0849300004917000588,44-ФЗ,Иной однолотовый способ 44-ФЗ,оказание услуг по организации обращения сотходами ,?,187500.0,"МУРМАНСКОЕ МУНИЦИПАЛЬНОЕ БЮДЖЕТНОЕ УЧРЕЖДЕНИЕ ""УПРАВЛЕНИЕ ДОРОЖНОГО ХОЗЯЙСТВА""",2017-07-17,Нет ограничений,2017-07-18,2017-07-24,'173519091812351900100100731593811611',ИВАНОВ МАКСИМ БОРИСОВИЧ,175000.0,3519091812317000133
0349100020917000168,44-ФЗ,Иной однолотовый способ 44-ФЗ,"Оказание услуг по приему, транспортировке и обезвреживанию ртутьсодержащихотходов  1 класса опасности",Hg,13285.0,"ФЕДЕРАЛЬНОЕ ГОСУДАРСТВЕННОЕ БЮДЖЕТНОЕ НАУЧНОЕ УЧРЕЖДЕНИЕ ""ПОЛЯРНЫЙ НАУЧНО-ИССЛЕДОВАТЕЛЬСКИЙ ИНСТИТУТ МОРСКОГО РЫБНОГО ХОЗЯЙСТВА И ОКЕАНОГРАФИИ ИМ. Н.М. КНИПОВИЧА""",2017-07-11,Нет ограничений,2017-07-12,2017-07-18,'171519004284851900100102171273822244',"ОБЩЕСТВО С ОГРАНИЧЕННОЙ ОТВЕТСТВЕННОСТЬЮ ""ЭКОТРАНС""",10750.0,1519004284817000136
0349100002717000074,44-ФЗ,Иной однолотовый способ 44-ФЗ,Оказание услуг на транспортировку и обезвреживание  медицинскихотходов  класса «Б»,med,1430000.0,"ФЕДЕРАЛЬНОЕ ГОСУДАРСТВЕННОЕ БЮДЖЕТНОЕ УЧРЕЖДЕНИЕ ЗДРАВООХРАНЕНИЯ ""МЕДИКО-САНИТАРНАЯ ЧАСТЬ № 118 ФЕДЕРАЛЬНОГО МЕДИКО-БИОЛОГИЧЕСКОГО АГЕНТСТВА""",2017-06-19,Нет ограничений,2017-06-19,2017-06-28,'171511710009151170100100540573812244',"Общество с ограниченной ответственностью ""ЭКО Спектр""",1408550.0,1511710009117000068
0849300004917000516,44-ФЗ,Иной однолотовый способ 44-ФЗ,Оказание услуг по организации обращения сотходами ,?,709109.18,"МУРМАНСКОЕ МУНИЦИПАЛЬНОЕ БЮДЖЕТНОЕ УЧРЕЖДЕНИЕ ""ДИРЕКЦИЯ ГОРОДСКОГО КЛАДБИЩА""",2017-06-30,Нет ограничений,2017-06-30,2017-07-10,'173519091374251900100100050043821244',"ОБЩЕСТВО С ОГРАНИЧЕННОЙ ОТВЕТСТВЕННОСТЬЮ ""ВЫБОР""",709109.18,3519091374217000002
0849300004917000448,44-ФЗ,Иной однолотовый способ 44-ФЗ,оказание услуг по организации обращения сотходами ,?,40147.3,МУНИЦИПАЛЬНОЕ БЮДЖЕТНОЕ УЧРЕЖДЕНИЕ ОБРАЗОВАНИЯ ЦЕНТРАЛИЗОВАННАЯ БУХГАЛТЕРИЯ ПО ОБСЛУЖИВАНИЮ УЧРЕЖДЕНИЙ КОМИТЕТА ПО ОБРАЗОВАНИЮ АДМИНИСТРАЦИИ ГОРОДА МУРМАНСКА,2017-06-19,Нет ограничений,2017-06-19,2017-06-28,'173519014812151900100100170023812244',"Общество с ограниченной ответственностью ""Управляющая компания ""Центр по обращению с отходами""Общество с ограниченной ответственностью ""Управляющая компания ""Центр по обращению с отходами""",40147.3,3519014812117000009
0549600001617000003,44-ФЗ,Иной однолотовый способ 44-ФЗ,"оказание услуг по сбору, транспортированию и размещениюотходов  от жилых домов, находящихся в управлении МУП «ГУП»",?,1296990.0,"МУНИЦИПАЛЬНОЕ УНИТАРНОЕ ПРЕДПРИЯТИЕ ""ГОРОДСКАЯ УПРАВЛЯЮЩАЯ КОМПАНИЯ"" МУНИЦИПАЛЬНОГО ОБРАЗОВАНИЯ ГОРОД ОЛЕНЕГОРСК С ПОДВЕДОМСТВЕННОЙ ТЕРРИТОРИЕЙ",2017-06-13,Нет ограничений,2017-06-13,2017-06-21,'173510800349351080100100110013811000',"ОБЩЕСТВО С ОГРАНИЧЕННОЙ ОТВЕТСТВЕННОСТЬЮ ""СПЕЦТЕХТРАНС""",1290505.05,3510800349317000002
0349100002717000069,44-ФЗ,Иной однолотовый способ 44-ФЗ,"оказание услуг по сбору, транспортированию и демеркуризации ртутьсодержащихотходов  первого класса опасностиотходов  ",Hg,39103.33,"ФЕДЕРАЛЬНОЕ ГОСУДАРСТВЕННОЕ БЮДЖЕТНОЕ УЧРЕЖДЕНИЕ ЗДРАВООХРАНЕНИЯ ""МЕДИКО-САНИТАРНАЯ ЧАСТЬ № 118 ФЕДЕРАЛЬНОГО МЕДИКО-БИОЛОГИЧЕСКОГО АГЕНТСТВА""",2017-05-29,Нет ограничений,2017-05-29,2017-06-06,'171511710009151170100100630673822244',Общество с ограниченной ответственностью 'Экотранс',30100.0,1511710009117000064
0149200002317002438,44-ФЗ,Иной однолотовый способ 44-ФЗ,Оказание услуг по вывозу и демеркуризации ртутьсодержащихотходов  ,Hg,63996.5,"ГОСУДАРСТВЕННОЕ ОБЛАСТНОЕ БЮДЖЕТНОЕ УЧРЕЖДЕНИЕ ЗДРАВООХРАНЕНИЯ ""МУРМАНСКАЯ ДЕТСКАЯ КЛИНИЧЕСКАЯ БОЛЬНИЦА""",2017-05-29,Нет ограничений,2017-05-29,2017-06-07,'173519215001351900100101540013822244',ООО 'Экотранс',48700.0,3519215001317000170
0149200002317002060,44-ФЗ,Иной однолотовый способ 44-ФЗ,Оказание услуги по вывозу и демеркуризации ртутьсодержащихотходов ,Hg,103610.0,"ГОСУДАРСТВЕННОЕ ОБЛАСТНОЕ БЮДЖЕТНОЕ УЧРЕЖДЕНИЕ ЗДРАВООХРАНЕНИЯ ""КАНДАЛАКШСКАЯ ЦЕНТРАЛЬНАЯ РАЙОННАЯ БОЛЬНИЦА""",2017-05-12,Нет ограничений,2017-05-12,2017-05-25,'172510200743851020100103370013822244',ООО 'Экотранс',54000.0,2510200743817000142
0349100004617000043,44-ФЗ,Иной однолотовый способ 44-ФЗ,"Погрузка, вывоз и обезвреживанию медицинскихотходов  класса Б в 2017 году",med,330000.0,"ФЕДЕРАЛЬНОЕ ГОСУДАРСТВЕННОЕ БЮДЖЕТНОЕ УЧРЕЖДЕНИЕ ЗДРАВООХРАНЕНИЯ ""ЦЕНТРАЛЬНАЯ МЕДИКО-САНИТАРНАЯ ЧАСТЬ №120 ФЕДЕРАЛЬНОГО МЕДИКО-БИОЛОГИЧЕСКОГО АГЕНТСТВА""",2017-04-10,Нет ограничений,2017-04-10,2017-04-20,'171511200012851120100100110540000244',"ЗАКРЫТОЕ АКЦИОНЕРНОЕ ОБЩЕСТВО ""МУРМАНСКИЙ УНИВЕРСАЛЬНЫЙ ЗАВОД""",330000.0,1511200012817000150
0849400000217000047,44-ФЗ,Иной однолотовый способ 44-ФЗ,Оказание услуг по вывозу твердыхотходов  для нужд Сыктывкарского ПСО - филиала ФГКУ СЗРПСО МЧС России,?,19890.51,"ФЕДЕРАЛЬНОЕ ГОСУДАРСТВЕННОЕ КАЗЕННОЕ УЧРЕЖДЕНИЕ ""СЕВЕРО-ЗАПАДНЫЙ РЕГИОНАЛЬНЫЙ ПОИСКОВО-СПАСАТЕЛЬНЫЙ ОТРЯД МЧС РОССИИ""",2017-04-17,Нет ограничений,2017-04-17,2017-04-25,'171780205756551900100100560660000244',"ОБЩЕСТВО С ОГРАНИЧЕННОЙ ОТВЕТСТВЕННОСТЬЮ ""ГЕОКЛИМАТ""",19890.51,1780205756517000051
0349300057117000064,44-ФЗ,Иной однолотовый способ 44-ФЗ,"Организация централизованного сбора, временного хранения и последующего транспортирования на демеркуризацию ртутьсодержащихотходов  ",Hg,280000.0,"МУНИЦИПАЛЬНОЕ КАЗЕННОЕ УЧРЕЖДЕНИЕ ""УПРАВЛЕНИЕ ЖИЛИЩНО-КОММУНАЛЬНОГО ХОЗЯЙСТВА ГОРОДА МОНЧЕГОРСКА""",2017-04-11,Нет ограничений,2017-04-12,2017-04-21,'173510791316151070100100990393812244',"ОБЩЕСТВО С ОГРАНИЧЕННОЙ ОТВЕТСТВЕННОСТЬЮ ""БЛАГОУСТ""",280000.0,3510791316117000025
0349300057117000065,44-ФЗ,Иной однолотовый способ 44-ФЗ,Сбор отработанных автомобильных шин с мест несанкционированного размещенияотходов  на территории города Мончегорска с последующей передачей на утилизацию ,tyre,99925.96,"МУНИЦИПАЛЬНОЕ КАЗЕННОЕ УЧРЕЖДЕНИЕ ""УПРАВЛЕНИЕ ЖИЛИЩНО-КОММУНАЛЬНОГО ХОЗЯЙСТВА ГОРОДА МОНЧЕГОРСКА""",2017-04-11,Нет ограничений,2017-04-12,2017-04-18,'173510791316151070100101200383812244',"ОБЩЕСТВО С ОГРАНИЧЕННОЙ ОТВЕТСТВЕННОСТЬЮ ""БЛАГОУСТ""",99925.96,3510791316117000023
0349200020817000021,44-ФЗ,Иной однолотовый способ 44-ФЗ,Услуги по вывозу медицинскихотходов  класса А (1),med,220133.86,"ГОСУДАРСТВЕННОЕ ОБЛАСТНОЕ БЮДЖЕТНОЕ УЧРЕЖДЕНИЕ ЗДРАВООХРАНЕНИЯ ""КАНДАЛАКШСКАЯ ЦЕНТРАЛЬНАЯ РАЙОННАЯ БОЛЬНИЦА""",2017-04-10,Нет ограничений,2017-04-11,2017-04-17,'172510200743851020100102110013811244',"МУНИЦИПАЛЬНОЕ УНИТАРНОЕ ПРЕДПРИЯТИЕ ЖИЛИЩНО-КОММУНАЛЬНОГО ХОЗЯЙСТВА ""ВЫМПЕЛ""",220133.86,2510200743817000067
0349100004617000024,44-ФЗ,Иной однолотовый способ 44-ФЗ,"Сбор, транспортирование и размещение медицинскихотходов  класса А во 2-3 квартале 2017 года",med,434906.55,"ФЕДЕРАЛЬНОЕ ГОСУДАРСТВЕННОЕ БЮДЖЕТНОЕ УЧРЕЖДЕНИЕ ЗДРАВООХРАНЕНИЯ ""ЦЕНТРАЛЬНАЯ МЕДИКО-САНИТАРНАЯ ЧАСТЬ №120 ФЕДЕРАЛЬНОГО МЕДИКО-БИОЛОГИЧЕСКОГО АГЕНТСТВА""",2017-03-27,Нет ограничений,2017-03-27,2017-04-05,'171511200012851120100100110290000244',"ОБЩЕСТВО С ОГРАНИЧЕННОЙ ОТВЕТСТВЕННОСТЬЮ ""ГРАНИТ-АВТО""",434889.0,1511200012817000112
0149200002317000941,44-ФЗ,Иной однолотовый способ 44-ФЗ,"Оказание услуг по транспортированию и обезвреживанию обеззараженных медицинскихотходов  класса ""Б"".",med,435000.0,"ГОСУДАРСТВЕННОЕ ОБЛАСТНОЕ БЮДЖЕТНОЕ УЧРЕЖДЕНИЕ ЗДРАВООХРАНЕНИЯ ""МУРМАНСКИЙ ОБЛАСТНОЙ ОНКОЛОГИЧЕСКИЙ ДИСПАНСЕР""",2017-03-28,Нет ограничений,2017-03-28,2017-04-06,'172519150067451900100100350013811244',"Общество с ограниченной ответственностью ""Управляющая компания"" Центр по обращению с отходами""",155675.0,2519150067417000051
0149100001917000090,44-ФЗ,Иной однолотовый способ 44-ФЗ,"Услуги по утилизации и обезвреживаниюотходов  класса ""А"" и ""Б""",med,102873.0,УПРАВЛЕНИЕ ФЕДЕРАЛЬНОЙ СЛУЖБЫ БЕЗОПАСНОСТИ РОССИЙСКОЙ ФЕДЕРАЦИИ ПО МУРМАНСКОЙ ОБЛАСТИ,2017-03-31,Нет ограничений,2017-03-30,2017-04-07,'171519150193551900100102662623822244',"ОБЩЕСТВО С ОГРАНИЧЕННОЙ ОТВЕТСТВЕННОСТЬЮ ""СОРЭКСМЕД""",102873.0,1519150193517000088
0149200002317000393,44-ФЗ,Иной однолотовый способ 44-ФЗ,Оказание услуг по транспортированию и обезвреживанию медицинскихотходов  класса «Б»,med,470400.0,"ГОСУДАРСТВЕННОЕ ОБЛАСТНОЕ БЮДЖЕТНОЕ УЧРЕЖДЕНИЕ ЗДРАВООХРАНЕНИЯ ""МУРМАНСКАЯ ОБЛАСТНАЯ КЛИНИЧЕСКАЯ БОЛЬНИЦА ИМЕНИ П.А. БАЯНДИНА""",2017-02-28,Нет ограничений,2017-02-28,2017-03-10,'172519080011451900100100990013822244',"Общество с ограниченной ответственностью ""Управляющая компания ""Центр по обращению с отходами""",465696.0,2519080011417000101
0349100019317000011,44-ФЗ,Иной однолотовый способ 44-ФЗ,Оказание услуг по снятию с борта судна и утилизацииотходов ,?,335600.0,"ФЕДЕРАЛЬНОЕ ГОСУДАРСТВЕННОЕ БЮДЖЕТНОЕ УЧРЕЖДЕНИЕ ""СЕВЕРНЫЙ ЭКСПЕДИЦИОННЫЙ ОТРЯД АВАРИЙНО-СПАСАТЕЛЬНЫХ РАБОТ""",2017-03-02,Нет ограничений,2017-03-03,2017-03-16,'171519002365151900100100130133822244',"ОБЩЕСТВО С ОГРАНИЧЕННОЙ ОТВЕТСТВЕННОСТЬЮ ""ИНЖЕНЕРНАЯ КОМПАНИЯ СЕВЕРА""",335000.0,1519002365117000033
0149200002317000166,44-ФЗ,Иной однолотовый способ 44-ФЗ,Оказание услуг по вывозу и обезвреживанию медицинскихотходов  класса «Б».,med,489690.0,"ГОСУДАРСТВЕННОЕ ОБЛАСТНОЕ БЮДЖЕТНОЕ УЧРЕЖДЕНИЕ ЗДРАВООХРАНЕНИЯ ""МУРМАНСКАЯ ГОРОДСКАЯ ПОЛИКЛИНИКА № 1""",2017-02-20,Нет ограничений,2017-02-20,2017-03-01,'173519000931151900100100020013821244',"Закрытое акционерное общество ""Мурманский универсальный завод""",151808.5,3519000931117000014
0349200020817000004,44-ФЗ,Иной однолотовый способ 44-ФЗ,Услуги по вывозу медицинскихотходов  класса А (2),med,272954.63,"ГОСУДАРСТВЕННОЕ ОБЛАСТНОЕ БЮДЖЕТНОЕ УЧРЕЖДЕНИЕ ЗДРАВООХРАНЕНИЯ ""КАНДАЛАКШСКАЯ ЦЕНТРАЛЬНАЯ РАЙОННАЯ БОЛЬНИЦА""",2017-02-27,Нет ограничений,2017-02-27,2017-03-10,'172510200743851020100102120013811244',"Муниципальное унитарное предприятие ""Жилищно-эксплуатационная контора""",270000.0,2510200743817000032
0149100003517000043,44-ФЗ,Иной однолотовый способ 44-ФЗ,"Оказание услуг по сбору, транспортированию и обезвреживаниюотходов  III - V классов опасности для нужд СУ СК России по Мурманской области",?,83871.06,СЛЕДСТВЕННОЕ УПРАВЛЕНИЕ СЛЕДСТВЕННОГО КОМИТЕТА РОССИЙСКОЙ ФЕДЕРАЦИИ ПО МУРМАНСКОЙ ОБЛАСТИ,2017-01-18,Нет ограничений,2017-01-16,2017-01-24,'171519092674151900100100310023821244',"Акционерное общество ""Завод по термической обработке твердых бытовых отходов""Филиал №1 Акционерного общества ""Завод по термической обработке твердых бытовых отходов""",83800.78,1519092674117000061
31807326700,223-ФЗ,Запрос котировок в электронной форме,Оказание услуг по вывозу и демеркуризации (обезвреживанию) ртутьсодержащих  отходов ,Hg,26000.0,"ГОСУДАРСТВЕННОЕ АВТОНОМНОЕ ПРОФЕССИОНАЛЬНОЕ ОБРАЗОВАТЕЛЬНОЕ УЧРЕЖДЕНИЕ МУРМАНСКОЙ ОБЛАСТИ ""МУРМАНСКИЙ ИНДУСТРИАЛЬНЫЙ КОЛЛЕДЖ""",2018-12-19,Нет ограничений,2018-12-19,2018-12-27,,ООО «ЭП «Меркурий»,13008,31807326700-01
31807270424,223-ФЗ,Открытый запрос котировок в электронной форме,"Право заключения договора на оказание услуг по вывозу и утилизации льяльно-балластных, нефтесодержащих вод, смеси нефтепродуктов отработанных (СНО), нефтешлама,  перевозке органического топлива (ОКПД2: 38.22.29.000 - Услуги по утилизации прочих опасных  отходов  )  для нужд ФГУП «Атомфлот»",oil,3096076.8,ФЕДЕРАЛЬНОЕ ГОСУДАРСТВЕННОЕ УНИТАРНОЕ ПРЕДПРИЯТИЕ АТОМНОГО ФЛОТА,2018-12-07,Нет ограничений,2018-12-07,2018-12-14,,"Общество с ограниченной ответственностью ""Крондекс""",2323309.56,31807270424-01
31807151989,223-ФЗ,Электронный аукцион,оказание услуг по вывозу и обезвреживанию медицинских  отходов ,med,570000.0,"ГОСУДАРСТВЕННОЕ ОБЛАСТНОЕ АВТОНОМНОЕ УЧРЕЖДЕНИЕ ЗДРАВООХРАНЕНИЯ ""МОНЧЕГОРСКАЯ СТОМАТОЛОГИЧЕСКАЯ ПОЛИКЛИНИКА""",2018-11-15,Нет ограничений,2018-11-15,2018-11-30,,"Общество с ограниченной ответственностью ""ЭКО СПЕКТР""",284850,31807151989-01
31807219596,223-ФЗ,"Закупка у единственного поставщика (подрядчика, исполнителя) (до 01.07.18)","Услуги по размещению  отходов  производства и потребления (3, 4, 5 класс опасности) в 4 квартале 2018 года (номер закупки 2120/6.36-5319)",?,500000.0,"ПУБЛИЧНОЕ АКЦИОНЕРНОЕ ОБЩЕСТВО ""МУРМАНСКАЯ ТЭЦ""",2018-11-29,Нет ограничений,2018-11-29,,,"ООО ""ОРКО-инвест""",500000.0,31807219596-01
31807153786,223-ФЗ,Запрос котировок (до 01.07.18),Оказание услуг по транспортированию и обезвреживанию обеззараженных медицинских  отходов  класса «Б»,med,192384.0,"ГОСУДАРСТВЕННОЕ ОБЛАСТНОЕ БЮДЖЕТНОЕ УЧРЕЖДЕНИЕ ЗДРАВООХРАНЕНИЯ ""МУРМАНСКИЙ ОБЛАСТНОЙ НАРКОЛОГИЧЕСКИЙ ДИСПАНСЕР""",2018-11-15,Нет ограничений,2018-11-15,2018-11-23,,"Общество с ограниченной ответственностью ""СТО""",149000,31807153786-01
31807147180,223-ФЗ,Запрос котировок (до 01.07.18),Оказание услуг по вывозу и размещению медицинских  отходов  класса «А»,med,419585.0,"ГОСУДАРСТВЕННОЕ ОБЛАСТНОЕ БЮДЖЕТНОЕ УЧРЕЖДЕНИЕ ЗДРАВООХРАНЕНИЯ ""МУРМАНСКИЙ ОБЛАСТНОЙ НАРКОЛОГИЧЕСКИЙ ДИСПАНСЕР""",2018-11-14,Нет ограничений,2018-11-14,2018-11-22,,"Общество с ограниченной ответственностью ""СорэксМед""",403351.5,31807147180-01
31807002991,223-ФЗ,Мелкая закупка,Право заключения договора на оказание услуг по вывозу и обезвреживанию  отходов  производства и потребления IV – V класса опасности с  территории ФГУП «Атомфлот» (ОКПД 2 - 38.21.22.000 - услуги по прочему захоронению мусора),?,461970.0,ФЕДЕРАЛЬНОЕ ГОСУДАРСТВЕННОЕ УНИТАРНОЕ ПРЕДПРИЯТИЕ АТОМНОГО ФЛОТА,2018-10-08,Нет ограничений,2018-10-08,,,"Общество с ограниченной ответственностью ""СОРЭКСАВТОТРАНС""",391500,31807002991-01
0149100003518000040,44-ФЗ,Иной однолотовый способ 44-ФЗ,Оказание услуг по демеркуризации (обезвреживанию) отработанных ртутьсодержащихламп ,Hg,42723.91,СЛЕДСТВЕННОЕ УПРАВЛЕНИЕ СЛЕДСТВЕННОГО КОМИТЕТА РОССИЙСКОЙ ФЕДЕРАЦИИ ПО МУРМАНСКОЙ ОБЛАСТИ,2018-06-13,Нет ограничений,2018-06-13,2018-06-22,'181519092674151900100100570013822244',"ОБЩЕСТВО С ОГРАНИЧЕННОЙ ОТВЕТСТВЕННОСТЬЮ ""ЭКОТРАНС""",18611.89,1519092674118000077
0349200017117000048,44-ФЗ,Иной однолотовый способ 44-ФЗ,Оказание услуг по вывозу и обезвреживанию утративших потребительские свойства ртутьсодержащихламп ,Hg,57600.0,"ГОСУДАРСТВЕННОЕ ОБЛАСТНОЕ БЮДЖЕТНОЕ УЧРЕЖДЕНИЕ ""УПРАВЛЕНИЕ ПО ОБЕСПЕЧЕНИЮ ДЕЯТЕЛЬНОСТИ ПРАВИТЕЛЬСТВА МУРМАНСКОЙ ОБЛАСТИ""",2017-11-20,"Субъектам малого предпринимательства, социально ориентированным некоммерческим организациям",2017-11-21,2017-11-28,'172519010915451900100101000013822244',"ОБЩЕСТВО С ОГРАНИЧЕННОЙ ОТВЕТСТВЕННОСТЬЮ ""ЭКОТРАНС""",54000.0,2519010915417000086
